sample,GATA3,FOXA1,ESR1,PGR,AR,NCOR1,XBP1,CDK2,CDK4,CDK6,MKI67,CCNB1,E2F1,MYC,PIK3CA,MTOR,AKT1,ATM,EP300,BRAF,KRAS,PTEN,SOX2,NANOG,POU5F1,NOTCH1,FOS,JUN,EGR1,ERBB2,GRB7,VEGFA,PDGFRA,FGFR1,HIF1A,RUNX1,NCOR2,STAT3,BRCA1,TP53,CDH1,stage,OS_time,OS_event
DEMO-0000,6.663,7.405,6.58,8.67,11.558,9.732,10.973,9.286,6.938,10.287,6.107,4.048,11.367,5.353,5.119,9.495,4.654,9.438,4.023,8.221,4.833,7.502,11.403,11.462,6.485,10.311,7.127,10.063,8.621,6.124,4.976,9.677,9.27,8.711,7.138,7.417,6.083,6.095,7.544,7.83,7.808,late,326.0,1
DEMO-0001,6.527,8.886,8.043,11.136,10.763,9.122,12.993,9.931,8.626,12.09,7.486,7.36,11.364,8.422,7.59,12.115,7.97,11.15,7.785,10.596,7.344,9.762,11.29,11.331,4.278,10.393,7.949,10.255,10.598,8.427,5.626,8.761,9.331,11.384,8.926,7.065,6.883,6.06,7.534,10.73,7.877,early,1984.0,1
DEMO-0002,8.305,9.958,8.05,10.205,10.458,9.814,11.76,9.91,6.994,10.963,7.475,6.677,11.86,7.071,8.363,10.319,7.504,12.315,7.334,10.226,8.619,10.599,12.483,11.981,5.83,11.661,7.745,11.591,9.88,7.022,6.945,9.503,9.89,10.516,9.11,5.898,8.742,6.466,6.742,9.992,8.339,early,964.0,1
DEMO-0003,6.436,9.67,7.706,10.235,11.536,10.666,11.743,9.29,7.143,14.465,7.98,6.718,13.122,7.197,6.497,9.466,6.842,11.644,5.05,9.398,8.402,10.016,11.333,11.42,7.112,13.183,8.574,12.486,9.915,7.634,6.693,10.337,9.342,8.183,8.377,5.758,7.271,7.168,8.618,10.014,9.67,early,444.0,1
DEMO-0004,8.246,11.527,7.498,12.298,11.234,12.38,12.03,8.908,7.623,10.825,5.949,6.206,10.805,7.689,8.02,9.074,7.499,10.747,4.363,10.212,7.537,8.096,10.891,11.852,6.331,10.274,5.074,10.238,8.847,7.748,6.817,9.473,10.378,10.842,8.631,6.461,6.389,5.099,7.67,8.617,9.258,early,1712.0,0
DEMO-0005,6.218,8.385,7.881,10.164,10.474,10.006,10.705,10.022,8.187,10.927,7.951,6.097,11.058,6.041,6.456,10.669,8.11,10.123,7.814,8.695,8.228,10.528,8.845,9.115,4.127,8.945,8.338,10.719,9.145,8.317,7.23,10.249,10.986,9.819,9.109,5.827,7.479,6.582,7.197,8.611,8.722,early,189.0,1
DEMO-0006,6.894,8.276,6.156,11.215,9.219,10.298,10.199,12.172,9.965,12.302,8.065,6.944,12.51,7.724,8.078,12.211,7.66,11.266,6.643,10.856,7.953,9.962,11.522,12.132,8.433,11.693,8.195,8.901,10.773,5.825,4.629,11.068,12.532,10.959,10.225,5.982,6.994,6.069,7.653,8.121,9.245,early,238.0,1
DEMO-0007,9.078,10.601,9.381,11.297,12.926,10.459,12.716,10.539,8.693,13.953,6.395,6.361,11.936,6.236,6.413,11.149,7.08,9.015,6.23,9.626,6.591,7.628,11.193,12.831,8.088,12.237,8.167,9.14,7.625,9.519,8.12,11.757,12.379,11.978,10.502,4.67,6.614,6.797,7.525,8.543,8.307,late,186.0,1
DEMO-0008,6.271,9.196,6.491,10.549,10.02,10.315,11.526,10.963,8.059,10.499,7.855,7.864,12.098,6.931,7.275,9.301,7.152,10.228,7.217,7.686,7.28,7.757,13.003,12.359,3.95,10.734,8.501,11.544,10.721,8.229,5.719,12.341,12.974,11.105,11.719,7.175,6.822,5.645,7.243,8.98,7.614,early,1114.0,0
DEMO-0009,7.711,11.667,9.445,12.344,13.519,11.048,12.128,11.056,8.201,13.477,7.881,7.694,12.279,7.987,8.732,10.844,6.963,11.334,8.045,10.572,7.719,9.328,11.91,12.121,6.512,11.968,10.213,13.83,11.688,6.86,6.373,8.966,11.028,8.567,8.418,4.704,6.937,5.29,7.584,9.045,7.626,early,4081.0,0
DEMO-0010,8.73,10.272,8.878,11.831,11.402,10.514,11.122,9.258,6.468,9.828,5.053,5.011,11.424,6.868,9.722,9.976,6.073,9.961,8.927,10.689,7.355,7.692,11.37,10.909,6.654,12.571,7.347,9.455,8.838,8.613,7.632,8.387,9.31,7.964,6.903,4.827,6.515,6.14,7.907,9.534,9.299,early,1223.0,1
DEMO-0011,6.882,7.502,7.547,7.32,9.55,10.915,9.077,10.619,7.222,12.453,7.315,5.452,11.721,7.867,7.445,9.013,6.933,9.478,5.796,8.301,7.302,7.547,11.45,11.763,4.581,9.128,6.513,8.593,8.628,7.307,6.39,8.126,10.09,8.811,9.785,7.18,6.536,6.211,9.941,8.866,8.12,early,3947.0,0
DEMO-0012,7.255,9.262,6.366,10.082,9.291,7.902,10.916,9.352,6.823,12.449,7.742,7.379,12.138,7.291,6.704,8.624,7.669,10.256,7.997,9.295,7.032,7.675,11.4,10.071,7.165,9.225,5.704,11.324,9.754,10.511,6.869,8.308,9.346,8.22,8.286,7.218,8.194,7.871,8.722,8.946,9.261,early,667.0,1
DEMO-0013,8.684,7.942,7.306,10.556,11.323,10.021,11.479,6.783,6.967,10.426,6.382,4.64,9.851,5.359,5.954,8.409,6.724,10.37,6.28,8.023,5.751,7.766,9.84,10.565,5.28,11.019,6.126,10.77,10.011,7.911,6.314,9.541,10.434,11.276,10.138,5.159,5.191,5.342,6.549,8.528,8.007,early,3400.0,0
DEMO-0014,7.497,8.146,7.463,9.782,11.073,9.926,9.843,12.119,9.007,12.434,9.762,5.667,12.006,7.824,7.282,8.32,5.345,9.261,5.059,7.653,5.837,7.53,11.151,11.943,7.132,11.718,6.759,10.45,9.656,6.674,5.75,9.109,9.087,10.954,8.106,5.342,6.498,4.114,7.382,8.931,7.636,early,2533.0,0
DEMO-0015,7.502,9.391,8.331,11.133,11.69,10.953,11.367,9.512,7.967,11.764,7.758,7.582,11.755,8.144,8.04,8.155,6.378,10.362,6.492,9.926,7.223,8.93,12.273,12.475,5.146,10.533,8.373,11.768,10.347,8.179,6.986,8.595,9.793,10.963,8.786,5.559,5.873,4.935,8.382,8.965,7.556,early,3471.0,0
DEMO-0016,6.091,8.719,8.704,10.59,10.735,10.074,9.934,12.125,8.515,12.149,7.371,6.086,12.823,9.393,5.299,9.917,4.795,9.044,5.473,9.093,6.65,7.433,11.438,11.536,5.077,11.028,7.776,11.817,11.302,8.507,5.883,8.816,11.366,9.923,8.301,8.842,8.407,7.106,8.962,9.494,8.007,early,626.0,1
DEMO-0017,7.0,10.284,7.387,10.726,10.784,8.926,9.758,9.196,7.632,11.676,5.752,5.442,10.634,5.922,5.414,9.839,7.005,8.761,5.969,8.72,8.451,7.936,12.389,12.755,8.792,13.146,7.675,9.606,9.4,8.489,7.405,10.114,10.765,10.409,9.383,6.907,6.201,5.378,7.697,8.712,9.487,early,252.0,1
DEMO-0018,8.652,10.28,8.261,11.986,9.98,11.186,10.195,8.64,6.331,11.276,5.92,4.451,10.387,5.512,6.355,8.973,6.235,9.977,6.156,8.166,6.273,5.014,9.538,10.866,3.821,10.061,7.722,12.954,11.367,11.064,9.101,9.379,9.011,8.694,10.642,7.093,6.965,4.593,6.401,9.278,7.021,early,47.0,1
DEMO-0019,8.673,10.061,8.017,11.443,11.411,10.919,11.64,11.68,9.53,14.217,10.047,8.584,13.532,10.346,6.125,10.508,6.605,10.894,7.048,10.045,7.795,9.542,10.046,13.699,7.25,11.224,9.807,12.402,11.426,9.756,6.649,10.31,9.549,10.584,10.934,6.252,7.039,6.078,7.815,8.238,7.945,late,679.0,0
DEMO-0020,5.928,9.237,7.991,8.946,11.03,10.687,11.384,8.287,7.303,11.663,4.982,5.683,10.035,5.405,8.569,9.024,6.463,11.198,5.0,10.185,7.526,6.758,11.592,11.903,6.605,11.602,6.143,9.764,8.026,9.459,5.915,9.288,9.54,8.4,7.315,7.284,6.831,6.935,7.47,9.825,6.995,early,777.0,1
DEMO-0021,6.062,9.601,6.923,12.044,12.095,10.314,12.096,8.253,7.92,12.015,7.0,5.392,11.003,4.955,9.424,11.303,7.132,9.364,6.174,7.807,6.32,8.571,10.423,11.193,6.623,11.092,6.286,10.542,8.982,8.541,6.095,8.287,9.803,10.003,9.098,6.629,6.995,7.734,8.009,7.474,7.851,early,1150.0,0
DEMO-0022,5.345,9.717,6.924,9.827,11.497,10.261,9.583,10.807,7.211,11.875,6.972,5.833,11.34,7.076,6.576,8.563,5.579,8.726,4.514,8.964,6.906,7.133,9.115,9.463,3.912,9.733,6.93,10.051,9.699,6.684,6.914,9.37,9.931,11.536,9.548,5.52,6.725,6.863,6.511,9.82,8.967,early,2050.0,1
DEMO-0023,5.696,8.717,7.026,9.166,10.311,8.177,10.778,10.391,8.301,12.138,7.085,6.355,10.844,6.949,7.821,10.186,6.837,11.237,6.99,9.823,7.586,8.678,11.217,13.058,6.895,11.297,9.008,11.605,9.927,7.795,6.023,9.538,9.63,10.24,9.671,7.284,5.824,6.054,9.074,8.697,6.426,late,1760.0,0
DEMO-0024,8.563,10.762,8.007,11.765,11.449,11.231,11.804,9.207,8.348,12.718,7.071,7.001,11.182,8.501,7.202,11.425,6.906,9.602,6.748,9.469,8.015,8.012,10.858,11.157,4.126,8.877,6.816,9.032,8.031,6.56,6.109,9.305,8.708,7.882,8.243,7.617,5.982,7.016,7.766,8.535,8.03,early,594.0,1
DEMO-0025,8.126,9.824,9.464,10.224,10.981,9.776,11.09,9.907,6.108,10.194,5.342,6.155,10.979,5.833,7.333,6.91,4.58,9.503,7.108,9.353,6.86,8.084,12.415,10.394,4.513,9.374,8.224,10.451,8.371,6.554,6.3,10.123,9.53,9.725,9.923,6.091,6.237,7.02,7.47,9.513,9.244,early,108.0,1
DEMO-0026,7.305,9.101,7.811,10.844,8.789,10.189,11.789,8.899,5.545,12.097,5.456,5.455,10.285,6.633,5.994,9.629,7.374,10.516,7.366,10.849,10.117,9.303,11.423,11.003,5.028,11.528,6.882,10.166,9.358,10.311,7.88,9.531,11.651,11.556,10.143,5.804,8.073,6.835,8.012,9.541,7.547,late,633.0,1
DEMO-0027,6.354,8.188,5.862,10.872,11.558,10.987,10.595,9.32,8.688,10.15,6.809,4.247,9.81,6.651,8.573,10.23,7.493,9.692,8.435,11.068,9.192,10.264,11.002,12.151,5.404,9.822,7.27,10.507,9.398,7.405,5.234,9.448,8.965,10.01,9.354,5.446,6.685,8.195,6.404,9.967,7.225,early,1076.0,0
DEMO-0028,9.321,10.678,7.849,11.664,12.014,9.782,11.352,9.323,7.734,10.812,7.138,7.116,11.801,6.895,8.811,10.201,8.808,10.287,7.668,11.63,9.266,9.034,10.336,10.24,5.282,10.123,6.277,11.632,9.69,9.964,6.76,10.138,11.467,10.149,10.188,6.456,6.709,7.572,8.462,8.709,8.28,early,3931.0,0
DEMO-0029,7.921,10.28,6.886,11.492,11.789,9.808,11.758,10.245,7.179,13.061,7.497,6.448,12.356,7.647,6.852,9.51,6.512,10.38,5.765,9.925,7.995,8.974,12.505,12.205,8.029,13.809,9.377,11.455,9.096,8.709,6.456,9.765,11.217,7.245,9.004,6.602,6.234,6.81,7.111,8.371,8.743,early,4472.0,0
DEMO-0030,7.784,10.783,8.044,11.931,11.244,10.042,11.67,11.84,9.348,12.95,8.57,7.344,14.305,7.841,8.103,10.462,6.565,10.317,7.444,9.062,6.975,7.487,12.079,10.3,6.151,12.261,7.059,11.106,9.585,8.005,7.563,10.043,11.179,11.371,9.971,5.469,6.531,5.192,6.995,8.071,7.032,late,775.0,1
DEMO-0031,8.141,9.077,7.187,9.301,11.477,9.799,10.533,10.314,9.29,12.233,7.373,5.287,11.033,7.711,6.74,9.299,4.861,10.351,6.604,8.252,7.236,8.528,12.857,13.283,9.939,13.39,7.292,13.203,9.62,8.933,7.89,10.391,8.9,9.648,9.402,5.368,5.237,5.139,8.468,8.657,8.205,early,271.0,1
DEMO-0032,8.511,9.983,7.618,11.495,11.409,9.668,10.991,8.608,7.995,11.235,6.06,5.887,11.689,7.116,6.689,8.457,6.402,9.148,6.15,9.842,7.287,8.502,10.638,11.215,5.321,10.211,7.234,11.372,6.729,7.192,6.458,10.359,9.937,11.508,9.324,5.76,6.178,6.207,6.971,9.384,9.739,early,787.0,0
DEMO-0033,7.088,9.098,6.063,11.047,10.198,9.926,10.819,9.831,8.134,10.815,5.412,6.317,10.828,6.012,8.0,10.847,7.279,11.432,9.147,11.022,9.315,7.683,10.706,10.453,5.597,10.439,6.693,11.422,11.394,8.468,5.867,9.955,10.836,9.566,9.491,6.185,7.059,5.753,7.519,8.303,7.878,early,2149.0,1
DEMO-0034,5.932,7.867,7.729,10.193,10.433,9.972,11.739,10.083,5.973,10.633,6.525,5.445,11.511,6.579,6.901,10.187,6.325,7.888,5.577,10.782,7.48,8.806,13.107,13.888,10.046,11.655,8.692,11.8,10.614,7.925,6.083,10.932,12.145,10.382,10.172,6.511,7.091,5.96,8.198,9.495,8.942,early,3186.0,1
DEMO-0035,8.507,9.93,7.361,10.665,11.555,10.726,10.27,8.836,8.408,10.862,5.744,4.961,9.898,5.47,7.438,9.927,10.235,9.88,8.157,10.56,7.708,10.196,9.038,10.78,4.024,10.163,9.084,11.475,10.069,8.084,6.536,9.877,11.329,11.639,10.566,6.586,7.036,6.744,7.346,9.244,7.417,early,3139.0,0
DEMO-0036,7.933,7.718,9.221,9.756,10.885,9.801,10.661,10.127,5.611,13.094,7.757,4.602,10.936,6.602,6.073,9.095,6.437,10.412,5.164,9.287,6.355,6.116,11.459,11.019,5.588,11.277,7.524,10.214,8.304,5.969,6.325,9.406,9.003,8.708,8.642,5.868,7.444,4.932,6.687,9.728,8.616,early,704.0,0
DEMO-0037,6.878,9.238,8.604,10.437,9.304,9.084,11.599,10.154,8.956,13.093,8.233,8.279,12.299,8.849,6.964,9.707,6.375,11.457,5.647,8.334,6.509,7.374,10.778,10.704,5.605,11.053,7.457,10.396,9.349,6.856,7.014,11.272,10.649,9.558,10.366,4.913,6.815,6.338,8.689,9.267,7.389,early,1516.0,1
DEMO-0038,8.989,12.274,6.851,10.583,11.488,10.671,11.862,8.566,6.58,9.759,5.66,4.406,9.657,5.09,6.094,9.437,6.202,10.491,6.612,10.442,7.219,7.578,11.331,12.17,6.861,9.557,6.474,9.987,8.81,8.217,6.895,11.13,10.294,9.249,10.135,6.219,5.22,6.862,7.445,8.36,7.046,early,2860.0,1
DEMO-0039,7.358,10.804,8.244,12.217,11.023,9.898,10.912,9.336,6.688,11.406,5.782,6.359,9.413,5.204,5.91,10.446,6.812,8.888,5.595,9.826,6.79,9.64,9.695,12.661,2.713,10.08,7.563,10.475,10.949,8.119,6.688,9.331,10.596,10.237,10.333,5.431,8.304,8.408,7.412,8.339,8.257,early,1501.0,0
DEMO-0040,7.036,9.776,6.891,8.807,11.217,9.222,11.057,12.137,8.754,13.403,8.643,6.711,11.164,7.952,7.601,9.544,7.877,9.211,7.835,9.01,5.984,7.094,10.744,10.978,4.836,10.303,6.098,10.811,9.115,6.429,5.194,9.958,10.802,8.92,9.418,5.934,7.732,5.609,7.731,9.597,8.09,early,973.0,0
DEMO-0041,6.133,8.565,7.759,9.804,12.314,9.204,9.83,9.252,9.03,11.15,5.833,5.27,10.614,6.468,7.327,10.147,7.952,9.975,6.071,10.041,7.238,6.065,12.37,11.528,6.832,10.973,6.694,9.673,7.885,9.179,6.604,9.67,10.036,9.663,8.95,6.195,7.049,7.094,7.975,8.079,9.179,early,1008.0,0
DEMO-0042,7.324,9.312,8.091,10.213,9.52,9.684,11.706,9.477,8.002,12.401,6.266,7.14,11.725,7.081,7.027,8.613,5.713,10.94,7.067,10.683,8.174,8.599,11.64,11.467,5.216,10.949,6.998,11.959,9.529,8.31,6.428,8.525,10.756,10.115,9.472,6.963,6.266,7.308,6.752,8.943,7.114,early,98.0,1
DEMO-0043,8.103,9.47,8.174,11.697,12.121,9.64,12.448,6.917,6.281,10.971,4.319,4.419,8.32,4.751,6.579,10.102,6.279,10.415,7.176,10.966,7.689,6.366,12.962,11.802,9.012,10.569,7.769,9.992,9.011,9.008,8.432,9.324,11.475,8.254,8.544,5.343,8.585,6.554,6.618,8.987,8.264,early,1238.0,1
DEMO-0044,8.096,9.47,6.388,11.016,10.208,12.305,9.427,9.046,6.617,13.3,7.886,5.474,11.708,5.815,10.32,11.954,6.915,11.754,7.392,10.361,7.867,8.412,11.09,10.39,5.85,10.137,7.732,10.699,9.674,8.099,7.638,9.68,10.118,10.842,9.297,8.283,6.608,5.143,9.239,8.605,8.448,late,32.0,1
DEMO-0045,6.693,9.523,7.287,12.202,11.115,12.033,12.111,10.629,8.445,12.482,9.038,7.147,12.211,7.183,9.251,12.687,8.191,11.966,9.81,10.831,9.135,10.108,11.457,11.597,5.933,11.054,7.478,9.119,9.143,9.92,5.386,11.07,11.648,9.878,8.531,5.513,7.507,7.556,7.018,8.673,7.867,early,4312.0,0
DEMO-0046,8.467,11.15,6.077,11.134,10.251,10.273,11.533,9.338,6.596,10.265,5.892,4.627,11.127,5.454,9.215,12.556,7.158,11.522,7.559,10.209,7.697,9.155,10.234,11.905,5.428,10.046,5.458,8.498,7.702,8.9,7.674,8.476,7.578,9.54,7.839,5.791,7.866,6.395,7.973,9.888,9.398,early,1433.0,0
DEMO-0047,5.898,6.964,6.755,9.03,9.662,7.459,8.766,10.001,7.839,13.423,6.695,4.902,11.986,7.56,7.326,12.302,8.36,11.714,6.091,9.891,7.73,8.124,10.211,9.713,7.183,10.727,7.018,11.563,8.354,7.217,5.576,11.443,10.083,9.089,10.978,5.922,4.465,4.827,7.211,9.747,7.348,late,475.0,1
DEMO-0048,5.061,8.412,7.351,9.887,10.78,9.537,10.923,8.913,6.126,12.54,6.569,6.742,10.792,5.064,6.489,8.911,6.761,9.437,6.651,11.414,6.309,7.779,10.558,10.374,4.804,11.627,8.166,12.247,11.376,9.664,7.206,11.095,11.048,10.38,10.742,7.669,7.498,6.078,7.608,10.584,7.476,early,1054.0,0
DEMO-0049,5.479,9.013,6.973,9.599,11.992,9.184,10.371,11.188,7.641,10.966,6.907,5.874,11.25,6.263,6.999,9.378,7.106,10.77,5.652,9.558,6.885,6.245,10.584,11.517,4.852,11.088,5.237,10.808,9.745,9.584,6.354,9.288,9.31,10.001,7.828,6.963,6.565,6.969,6.46,9.371,8.151,early,1544.0,0
DEMO-0050,8.923,10.683,8.252,11.883,11.227,11.094,11.86,10.28,7.924,12.367,7.47,5.126,11.074,6.34,5.777,8.8,5.12,8.326,4.629,8.374,5.034,6.977,10.138,13.545,7.34,12.174,7.096,11.397,8.438,7.62,6.94,7.331,11.077,11.04,8.119,5.958,6.808,7.733,6.879,9.462,8.067,early,2202.0,0
DEMO-0051,6.143,10.473,8.053,11.206,10.529,9.623,11.526,10.259,6.892,13.122,8.161,5.711,11.749,7.789,7.663,11.331,8.109,10.969,7.129,10.52,5.741,9.823,11.299,12.597,7.298,11.839,3.948,10.209,7.187,5.439,5.954,9.552,9.419,9.781,8.259,6.191,4.581,5.829,8.425,9.088,7.464,early,496.0,0
DEMO-0052,6.632,7.674,6.995,10.541,9.506,9.82,10.684,9.736,7.399,13.518,7.144,5.002,11.842,6.009,5.854,9.035,5.231,8.511,4.88,8.184,5.682,6.565,8.927,10.718,4.758,9.543,6.054,10.519,7.967,6.15,5.541,7.754,11.126,8.756,7.869,7.694,7.941,5.432,7.126,7.089,7.406,early,2688.0,0
DEMO-0053,6.268,7.042,6.381,9.466,8.748,8.142,9.456,11.244,6.609,12.55,8.022,6.697,13.217,7.308,6.906,12.076,7.494,10.894,7.038,11.152,6.359,10.751,10.742,11.431,4.34,10.062,7.67,10.719,10.376,9.26,8.684,10.938,11.431,11.164,10.429,7.869,6.014,6.618,8.4,8.488,7.333,early,1620.0,1
DEMO-0054,7.683,7.953,5.747,8.68,10.083,7.961,10.428,9.643,9.25,11.741,8.192,6.903,12.059,8.068,6.21,9.641,5.403,8.882,4.829,8.932,7.35,7.979,9.028,12.152,4.41,9.551,8.825,10.666,9.984,5.853,5.26,10.891,10.343,8.882,8.415,6.802,8.867,6.513,9.269,8.012,9.771,early,405.0,1
DEMO-0055,5.783,9.215,7.192,10.9,9.063,10.557,11.948,10.756,9.266,12.119,8.649,8.357,11.756,8.705,7.047,10.064,6.757,10.22,8.489,10.148,6.921,7.709,10.897,10.602,5.657,9.355,8.342,11.663,9.305,8.877,6.937,9.766,9.139,10.475,9.74,6.731,7.073,5.515,8.329,10.597,8.847,early,1591.0,1
DEMO-0056,6.155,9.157,6.194,10.915,8.886,6.779,10.587,9.16,6.834,10.559,5.652,6.615,11.427,5.302,7.017,9.053,7.159,11.039,7.387,9.415,7.166,8.387,11.628,11.428,7.126,10.561,6.622,11.774,9.755,5.74,4.587,10.048,10.49,9.876,9.387,6.944,7.076,5.675,8.81,8.68,7.276,early,179.0,1
DEMO-0057,8.863,9.643,7.828,9.806,11.425,9.57,12.589,8.808,6.498,12.271,7.443,8.179,12.28,6.462,5.873,6.939,4.75,8.78,5.414,7.838,5.417,5.559,12.711,13.651,6.37,11.852,7.269,10.228,8.803,7.178,6.424,8.886,9.733,9.334,9.466,6.096,6.921,5.904,8.529,8.661,7.891,early,2013.0,0
DEMO-0058,6.662,9.195,6.609,11.15,9.784,10.06,11.327,8.475,7.987,10.571,7.55,5.127,12.279,7.057,7.64,10.29,6.946,10.887,6.624,10.248,5.793,8.051,12.954,11.544,4.781,10.195,8.203,12.024,11.263,8.271,7.703,9.597,8.383,8.892,9.094,8.101,7.483,6.428,6.975,9.873,8.04,late,756.0,0
DEMO-0059,6.831,10.584,7.703,9.722,11.677,9.171,11.316,10.069,8.191,13.18,8.488,7.02,11.366,8.373,7.967,9.503,6.248,11.416,8.256,10.44,8.138,8.006,12.311,10.238,5.629,9.418,8.286,12.275,10.679,7.799,7.602,9.56,10.233,10.657,9.549,6.859,5.964,6.413,6.667,8.76,7.903,early,3798.0,1
DEMO-0060,6.676,7.561,7.598,11.473,10.798,9.459,11.44,9.646,8.085,11.998,7.548,6.496,11.149,8.229,8.296,9.321,7.785,10.737,6.432,10.727,7.145,7.848,12.511,12.413,7.144,12.925,7.726,10.031,10.652,7.338,5.783,9.48,10.34,9.88,9.133,6.01,7.963,6.95,8.881,9.804,7.936,early,3271.0,0
DEMO-0061,6.729,7.373,6.9,7.897,10.329,7.447,11.746,9.755,8.114,12.508,7.786,5.957,10.805,7.011,7.193,11.309,7.806,10.742,7.599,9.054,9.609,9.106,11.899,10.67,4.516,9.954,7.319,11.143,10.335,8.569,5.259,8.474,9.412,10.022,7.274,6.481,5.287,6.745,7.984,8.768,7.717,early,697.0,1
DEMO-0062,6.396,8.11,6.913,10.166,9.765,9.203,9.681,9.669,7.274,10.873,8.119,5.975,12.616,7.478,7.704,9.609,7.723,10.488,7.892,8.347,6.824,9.023,11.296,10.639,6.941,9.79,7.819,9.914,9.089,5.983,7.035,8.484,10.771,9.367,10.127,7.79,5.974,4.68,8.377,9.406,8.59,early,2528.0,0
DEMO-0063,5.113,6.673,6.21,7.666,8.829,8.314,9.773,10.53,7.913,12.709,6.697,6.759,10.569,6.849,8.682,11.253,6.013,10.221,4.385,10.737,7.428,9.407,11.537,10.953,7.088,10.026,7.962,10.527,9.063,8.378,7.687,8.877,10.561,8.684,8.515,7.801,6.257,4.881,7.72,9.423,7.963,late,528.0,1
DEMO-0064,6.447,8.393,7.303,10.393,12.107,11.597,11.853,10.766,7.752,12.587,6.536,6.43,10.811,8.016,8.408,9.812,6.623,11.114,8.601,11.417,8.318,8.556,11.245,11.529,8.015,12.062,6.582,11.272,9.892,9.101,7.136,9.562,9.47,9.767,9.068,6.496,8.009,6.352,7.903,9.506,7.888,early,539.0,1
DEMO-0065,8.36,9.874,6.353,11.717,10.927,8.838,12.487,9.664,6.5,9.437,7.323,3.661,10.681,6.562,8.443,9.342,7.359,10.07,6.721,10.83,6.277,8.959,10.391,11.204,5.777,11.654,7.937,9.865,9.589,10.451,7.985,10.697,10.68,10.814,10.698,7.024,6.246,7.098,7.76,8.996,7.642,early,137.0,1
DEMO-0066,5.89,10.019,7.437,10.749,9.414,8.895,11.772,10.347,7.014,12.909,7.5,6.175,12.333,7.51,7.802,11.402,5.693,9.761,7.133,9.755,6.369,9.776,10.523,13.635,7.467,11.818,6.787,10.98,8.228,7.055,5.895,7.684,8.626,9.225,8.761,7.765,7.302,6.196,8.101,8.806,8.172,late,959.0,0
DEMO-0067,6.915,8.064,5.903,11.151,10.565,11.164,10.807,9.695,7.302,10.224,6.892,4.274,10.015,6.174,5.936,10.062,6.812,9.985,5.305,8.293,8.063,9.698,12.293,11.584,4.209,9.16,6.51,10.304,8.106,9.224,6.85,10.151,9.152,7.876,7.987,6.254,6.773,5.939,6.812,8.878,8.504,early,1884.0,0
DEMO-0068,6.137,9.421,7.454,9.994,10.621,9.078,10.566,9.451,7.739,11.862,7.12,5.314,10.395,5.284,6.755,9.297,6.976,10.147,6.095,9.227,7.431,8.182,12.358,12.308,6.41,9.617,7.656,11.491,10.393,7.674,6.328,9.577,9.618,8.274,9.203,6.431,6.548,5.118,7.386,7.356,8.813,early,1831.0,0
DEMO-0069,7.943,8.75,7.929,10.271,12.127,10.185,12.155,10.09,8.291,11.762,7.754,6.833,12.184,8.325,7.481,10.2,7.019,11.523,7.447,9.901,7.79,9.297,10.731,10.611,6.128,10.607,7.417,10.015,9.918,7.218,7.071,10.184,12.39,11.931,11.806,6.961,8.304,5.71,8.154,9.808,8.315,early,3623.0,0
DEMO-0070,6.152,6.734,5.111,8.528,10.377,8.11,10.544,8.527,7.702,11.027,7.588,5.375,10.967,5.793,7.499,10.164,8.424,10.813,8.186,10.054,8.916,8.544,10.883,10.426,5.452,9.646,7.286,10.745,8.802,7.861,7.194,9.593,10.481,10.24,8.333,7.382,7.574,6.744,8.696,9.338,7.956,early,2179.0,0
DEMO-0071,6.37,9.182,6.186,9.432,10.986,8.527,10.228,9.932,6.027,10.608,6.037,6.629,9.412,6.191,7.68,9.705,8.742,11.272,7.977,9.825,8.53,9.148,12.392,11.907,5.834,12.238,6.723,11.915,9.353,6.868,5.117,9.194,10.572,10.709,9.906,6.439,6.715,6.214,8.207,8.91,8.886,early,727.0,0
DEMO-0072,7.066,9.289,6.849,10.983,10.909,9.269,10.714,10.005,7.388,11.769,7.561,6.445,12.943,6.047,5.977,10.408,5.909,9.061,5.808,8.706,6.138,7.448,13.186,11.637,8.944,14.792,9.783,10.177,8.236,9.893,8.761,10.007,9.005,10.043,9.081,6.876,4.991,7.138,7.685,9.72,7.594,early,580.0,1
DEMO-0073,6.331,8.901,7.908,11.333,10.569,9.297,11.61,9.509,8.089,11.864,6.869,7.429,13.409,7.068,6.528,10.04,6.078,8.998,5.742,10.782,8.205,6.808,12.215,10.423,7.045,10.749,6.952,10.037,10.194,7.077,6.79,9.847,9.749,8.963,9.663,6.467,5.687,6.649,8.361,9.718,7.546,early,417.0,0
DEMO-0074,8.745,9.494,8.51,10.252,10.484,11.175,12.08,9.914,7.201,11.69,8.062,5.96,12.683,7.674,5.753,8.93,5.1,8.492,5.402,8.095,4.703,6.173,10.869,13.793,7.12,12.053,5.507,9.714,9.9,7.927,6.858,10.869,9.891,10.5,9.104,5.161,6.811,5.756,7.78,9.774,6.884,early,895.0,1
DEMO-0075,6.469,9.092,8.834,11.164,12.18,9.55,11.357,11.68,8.891,14.901,9.04,7.936,13.802,8.432,8.952,10.042,8.585,8.584,5.963,9.1,7.485,8.188,10.807,12.306,5.224,10.339,8.875,11.401,9.998,7.49,5.179,10.869,11.408,10.19,10.403,5.281,8.449,6.107,7.888,9.827,7.236,early,1240.0,1
DEMO-0076,8.91,8.206,8.071,10.526,10.695,9.996,11.127,10.995,8.322,11.629,7.204,5.364,12.427,6.172,6.094,10.065,6.998,10.04,5.997,10.518,8.226,8.826,9.865,9.986,2.651,10.283,9.367,12.662,10.532,6.545,4.329,11.736,12.481,11.326,11.464,6.425,6.326,5.317,6.487,9.175,7.303,late,617.0,1
DEMO-0077,6.943,11.397,7.718,12.178,12.447,11.09,12.926,10.877,8.609,13.781,8.609,8.488,12.38,7.449,6.117,9.34,6.442,10.612,6.921,9.82,6.383,7.638,11.731,12.117,6.754,11.314,7.623,10.74,10.505,7.824,6.58,10.373,10.897,10.485,9.151,6.367,5.887,6.187,9.097,9.816,7.968,early,1036.0,0
DEMO-0078,7.655,10.718,7.598,12.677,12.436,10.541,12.489,11.198,8.927,11.571,8.053,6.962,11.638,7.427,7.313,8.917,6.738,11.718,5.869,9.755,7.08,8.232,10.695,10.763,3.533,10.726,9.051,13.232,10.439,8.471,5.31,10.284,12.311,9.411,11.001,6.34,8.495,7.786,6.949,8.975,7.983,late,1350.0,1
DEMO-0079,7.824,8.418,9.574,12.269,10.32,9.834,10.353,11.295,8.51,11.949,7.963,8.41,13.804,7.889,7.729,10.853,7.66,9.098,5.573,11.069,7.543,8.601,10.72,11.577,4.711,10.299,7.315,10.354,7.507,7.64,4.682,10.016,11.641,10.978,9.391,6.137,7.513,7.039,6.622,9.521,9.641,early,1810.0,0
DEMO-0080,7.938,11.242,9.572,11.18,12.165,11.176,10.964,9.005,7.43,11.059,6.859,7.043,11.871,6.191,9.013,10.976,8.168,12.574,8.258,12.235,7.348,8.573,13.696,12.045,8.409,13.04,8.717,13.184,9.73,8.635,6.842,9.527,10.635,10.506,9.748,6.57,7.349,5.989,7.24,10.143,8.282,early,1157.0,1
DEMO-0081,6.433,9.758,8.987,12.919,11.547,11.626,11.604,11.434,9.569,13.795,7.9,7.436,13.097,7.544,7.792,11.248,7.22,10.999,6.517,11.242,7.674,9.458,10.642,9.873,4.316,10.359,8.567,11.065,9.435,8.354,8.901,10.858,12.388,11.105,10.444,6.681,6.981,5.789,7.391,8.697,7.829,early,1437.0,0
DEMO-0082,8.405,10.181,9.085,11.742,10.075,10.491,10.745,8.315,7.603,11.132,6.718,6.623,12.007,4.912,7.939,10.358,7.526,11.176,7.677,11.254,7.095,9.068,11.095,10.956,6.999,11.662,6.037,10.069,8.263,8.105,6.567,11.294,11.239,10.941,10.93,6.578,7.292,5.522,7.115,9.766,6.892,early,4141.0,0
DEMO-0083,5.5,6.754,5.504,9.361,9.158,9.221,9.009,10.53,8.74,12.941,9.774,6.053,12.606,8.587,5.571,10.481,6.686,9.311,5.959,9.987,7.913,7.937,10.734,12.117,5.862,11.586,8.81,10.925,10.303,6.794,6.841,10.513,11.35,11.303,10.746,7.343,7.358,5.386,8.267,8.69,8.81,late,426.0,1
DEMO-0084,8.714,11.56,9.519,11.665,11.584,10.28,12.014,9.984,8.186,11.868,8.539,6.373,12.148,7.663,6.082,9.319,6.967,9.427,5.77,7.492,6.324,7.547,12.83,10.467,5.224,11.16,9.38,13.12,11.49,8.05,7.119,8.414,9.514,9.79,7.887,7.4,5.627,6.084,8.038,10.896,8.237,late,1117.0,0
DEMO-0085,6.0,9.439,7.334,10.575,11.527,9.258,10.118,10.629,9.711,13.27,7.445,5.917,13.212,7.307,8.874,10.801,7.188,10.335,7.092,9.424,8.156,8.674,12.021,10.541,5.202,10.372,7.359,12.362,8.271,9.282,8.567,9.787,10.79,10.616,9.023,4.824,6.712,6.435,7.922,8.505,8.209,early,2648.0,1
DEMO-0086,8.955,11.757,9.25,11.821,12.499,11.778,12.238,8.172,6.409,9.362,6.231,5.981,11.829,6.559,6.274,7.778,3.977,9.491,4.711,8.969,5.571,6.125,9.534,11.507,5.174,11.132,7.006,10.841,9.352,8.938,6.328,10.736,11.565,11.483,11.138,7.179,6.791,6.838,7.622,8.534,7.348,early,3736.0,0
DEMO-0087,9.293,11.372,8.537,13.408,12.676,10.784,12.269,11.631,8.315,11.545,7.108,6.387,12.287,7.844,7.773,10.893,7.216,11.942,6.12,9.598,7.965,8.701,10.121,10.704,5.446,9.895,7.046,10.133,9.804,7.765,6.207,9.244,9.923,9.932,9.324,6.849,7.04,6.123,7.235,9.416,7.796,early,2678.0,0
DEMO-0088,6.08,7.856,6.016,10.118,10.463,10.701,12.067,9.625,7.287,11.114,7.285,4.591,11.294,5.353,6.76,9.299,5.342,9.006,6.14,8.831,7.355,6.306,11.898,11.984,6.909,11.688,8.088,11.786,8.651,8.041,7.231,7.95,8.979,9.428,6.884,6.93,7.114,6.111,8.207,7.159,7.588,early,4318.0,0
DEMO-0089,7.107,7.491,7.142,9.883,9.978,9.693,9.971,7.823,7.184,12.234,6.969,6.28,10.396,7.54,8.627,10.847,7.535,10.878,8.33,9.598,7.43,9.448,10.604,12.024,6.49,11.133,7.211,11.742,9.329,9.463,6.707,10.41,11.279,10.639,8.785,7.61,6.321,6.555,6.558,9.665,7.656,early,470.0,0
DEMO-0090,6.812,9.805,8.805,9.398,9.628,8.623,9.922,10.125,8.919,11.422,5.696,6.252,11.667,5.605,7.505,11.488,7.096,11.284,6.638,8.462,9.184,7.877,11.065,12.01,6.757,11.955,8.243,9.951,9.87,8.025,6.166,11.574,13.25,12.157,10.363,6.102,6.438,4.291,8.016,8.197,5.965,early,1412.0,1
DEMO-0091,6.713,9.411,7.157,10.522,9.863,9.535,10.641,10.882,7.866,11.076,7.764,6.74,11.343,5.953,5.923,8.268,6.68,10.009,5.778,8.786,8.251,8.236,10.653,11.008,6.25,10.095,6.032,8.679,8.234,6.947,6.007,10.16,13.686,11.607,10.974,6.955,6.432,6.938,7.619,9.66,9.837,late,174.0,1
DEMO-0092,9.663,10.821,7.987,11.94,11.43,10.001,10.695,9.291,7.332,9.66,5.511,4.953,11.71,6.662,7.513,9.399,7.069,11.202,6.589,8.776,6.993,7.74,13.218,13.193,6.087,12.909,6.999,10.472,9.389,8.351,6.997,9.446,9.888,11.127,10.048,6.769,5.946,5.892,6.506,9.582,8.665,early,751.0,0
DEMO-0093,7.698,7.578,6.528,9.432,9.949,8.674,8.966,8.869,6.825,10.458,7.75,4.683,10.738,6.169,6.028,8.729,4.987,8.835,4.714,8.886,6.637,7.081,11.281,11.416,5.949,10.704,8.647,11.33,9.333,9.178,7.646,9.148,10.929,9.306,10.236,5.643,6.794,6.358,7.666,8.71,9.036,early,950.0,1
DEMO-0094,9.604,9.687,8.285,10.116,9.792,10.506,11.059,9.709,7.853,11.362,6.745,6.074,10.966,4.776,5.68,10.035,6.147,8.874,7.346,8.747,5.951,6.035,10.892,10.745,4.874,8.674,6.491,10.06,7.996,7.32,8.116,8.771,9.626,8.523,8.648,6.68,6.262,5.851,9.073,8.696,7.956,early,3089.0,0
DEMO-0095,5.701,7.222,5.387,9.365,8.894,8.582,10.802,10.23,8.527,14.289,7.623,8.05,12.686,7.235,7.589,8.503,6.707,9.601,5.95,10.243,6.713,7.504,10.986,12.136,5.783,12.566,9.33,12.561,9.76,8.607,6.292,9.944,10.949,10.706,8.349,5.064,7.366,6.436,6.521,9.408,8.148,early,1601.0,0
DEMO-0096,6.935,10.807,8.949,10.97,10.82,9.903,13.028,12.418,9.154,14.023,8.053,9.297,14.267,10.617,5.929,7.934,6.078,9.642,4.658,8.516,5.748,8.19,14.146,13.226,8.457,12.263,6.086,8.629,7.566,5.881,5.692,10.538,9.439,10.66,9.341,6.391,7.168,6.689,7.849,9.25,8.236,early,269.0,1
DEMO-0097,5.803,10.24,6.979,10.405,12.019,8.967,11.205,8.28,7.505,10.804,7.525,6.591,10.743,5.978,7.049,10.879,5.822,12.073,6.612,9.931,8.378,9.025,10.791,10.501,6.856,10.88,7.41,10.061,7.639,8.621,7.233,8.273,10.119,9.692,9.083,5.754,7.266,5.107,7.956,9.633,8.141,early,1377.0,1
DEMO-0098,7.318,10.873,8.551,10.881,10.672,8.922,11.013,9.179,8.081,11.908,8.73,6.167,11.935,7.118,8.668,12.567,7.74,12.34,8.228,10.41,10.785,10.033,10.778,11.351,4.081,10.346,7.347,10.557,10.162,6.84,5.542,10.462,10.648,9.641,9.115,5.904,6.802,7.096,7.454,8.442,6.658,late,590.0,1
DEMO-0099,6.597,9.237,6.378,10.204,11.782,8.778,10.377,9.783,7.4,11.847,7.29,6.881,10.067,7.976,8.037,9.482,6.514,12.498,5.737,10.285,8.019,8.093,10.79,10.613,5.088,10.395,6.929,10.095,9.826,7.101,5.025,11.011,12.808,12.01,11.56,5.548,5.608,5.045,7.162,8.101,6.829,early,1032.0,0
DEMO-0100,8.196,10.383,8.994,10.908,11.698,10.29,11.535,11.712,7.569,13.358,7.561,8.176,12.505,6.5,8.012,10.488,8.39,10.992,7.475,10.455,6.656,6.964,8.73,10.507,4.355,8.622,7.42,11.322,9.799,9.411,8.146,10.904,10.73,11.343,9.728,5.873,6.864,7.2,8.716,8.573,9.035,early,7.0,1
DEMO-0101,6.892,8.803,7.108,11.312,10.148,10.303,11.378,9.32,7.178,11.197,6.906,6.172,11.546,6.556,6.769,10.585,6.629,10.049,6.261,10.364,8.365,9.757,11.85,10.855,6.127,8.639,8.076,12.128,8.883,10.364,8.744,9.108,10.321,10.193,9.242,7.358,6.248,6.515,8.297,9.632,8.827,late,226.0,1
DEMO-0102,7.18,9.137,8.917,11.111,12.733,12.055,12.926,8.231,5.65,9.58,4.544,3.834,9.601,4.499,7.201,8.392,6.636,9.622,8.256,8.493,6.345,7.535,12.189,12.046,7.649,11.57,7.84,11.244,9.068,8.798,6.128,9.918,11.866,11.838,10.512,6.435,7.903,7.014,8.111,9.507,8.995,early,1687.0,0
DEMO-0103,5.871,8.29,6.638,9.06,7.883,7.641,11.086,9.025,8.518,10.532,7.622,6.68,10.526,7.39,7.786,10.709,6.43,10.352,7.147,10.783,6.905,8.379,11.562,12.172,7.731,10.765,7.912,11.054,8.611,7.961,6.619,10.995,11.026,10.811,12.15,5.101,7.214,6.037,8.776,9.854,7.688,early,411.0,0
DEMO-0104,7.536,7.2,6.956,9.662,10.727,9.184,10.451,10.572,7.413,11.73,9.761,7.83,13.265,7.023,5.869,8.611,4.808,8.067,5.082,6.739,6.075,7.045,11.659,9.488,5.415,8.517,6.611,11.825,8.604,6.975,5.641,11.074,11.918,10.093,10.058,6.017,6.524,6.679,7.115,9.48,6.951,early,1198.0,1
DEMO-0105,5.64,7.484,6.188,9.311,9.995,8.405,9.498,10.846,8.072,13.939,8.799,6.734,12.422,10.093,6.305,8.475,5.718,10.298,6.695,8.31,6.815,8.618,10.237,9.656,4.396,10.825,8.021,9.871,9.297,8.925,5.904,8.749,9.708,9.205,9.243,5.634,7.679,4.921,7.058,8.816,6.946,late,545.0,1
DEMO-0106,7.222,10.018,9.053,10.835,12.364,9.604,10.855,8.855,8.845,11.883,7.623,7.177,12.777,7.903,4.89,8.216,4.608,9.898,5.401,7.455,6.014,9.291,9.68,11.611,6.548,10.267,8.595,11.079,10.522,7.837,6.155,10.742,12.418,11.903,10.657,6.802,6.913,6.001,8.158,9.174,9.252,early,3763.0,1
DEMO-0107,4.83,8.272,5.773,8.625,10.94,9.216,9.062,11.581,8.834,12.333,7.558,7.487,14.783,7.696,7.563,7.154,6.578,9.018,5.534,7.677,5.768,7.056,12.242,12.657,6.854,11.221,7.5,10.797,9.429,7.624,6.941,10.856,10.877,10.263,9.786,5.655,5.765,5.307,6.86,8.972,9.31,early,2273.0,1
DEMO-0108,9.165,11.374,10.247,13.626,11.352,11.009,12.781,9.094,7.063,10.749,5.582,5.155,11.588,6.053,6.698,11.209,8.94,11.955,6.872,9.563,8.727,10.166,11.778,11.398,6.281,11.343,6.1,10.477,7.663,8.455,5.893,7.339,9.333,10.328,9.303,7.218,7.893,6.389,7.669,9.585,8.716,early,1351.0,0
DEMO-0109,7.562,10.143,5.844,11.834,9.984,11.009,11.072,9.583,6.081,10.189,5.038,4.932,10.86,5.878,8.9,9.754,7.327,9.612,7.212,9.851,7.189,9.336,12.516,13.189,7.689,11.923,7.096,10.105,9.883,8.408,7.945,8.933,9.879,9.646,7.915,7.377,7.003,4.857,6.356,8.422,8.78,early,561.0,0
DEMO-0110,8.021,11.23,8.648,11.207,10.489,9.904,11.634,10.028,7.997,12.531,7.578,5.487,11.603,6.323,6.759,10.315,7.854,10.749,8.226,11.414,8.563,10.191,12.04,9.967,5.019,10.197,6.637,9.48,8.337,7.084,5.432,7.916,8.51,6.995,7.079,7.952,6.772,5.654,8.829,10.038,8.099,early,1530.0,0
DEMO-0111,6.787,8.015,5.822,10.261,9.922,9.507,10.835,9.353,8.734,11.883,9.615,7.326,11.625,7.861,7.517,10.76,8.981,11.754,8.312,10.881,7.405,11.39,11.383,11.335,6.634,10.651,7.697,10.651,9.757,6.581,5.083,8.963,9.909,10.174,8.152,7.585,7.662,6.09,6.913,9.299,7.223,early,1003.0,1
DEMO-0112,8.293,8.616,7.714,11.288,10.612,9.263,9.366,8.965,9.082,11.522,7.564,8.427,11.818,6.919,8.891,9.784,6.868,10.619,6.188,9.105,7.458,8.159,11.137,10.63,5.357,9.224,5.828,9.558,7.119,8.742,7.519,9.476,10.206,10.177,9.314,5.905,6.311,6.343,8.299,10.172,9.985,early,4302.0,0
DEMO-0113,7.862,9.944,6.723,11.967,11.199,10.044,10.992,9.584,7.455,10.181,6.332,5.999,10.504,7.231,5.99,10.691,6.679,11.272,6.184,9.599,6.977,7.149,11.218,11.991,5.149,10.71,6.508,10.805,9.415,10.373,9.575,10.157,10.307,10.285,10.187,7.231,5.799,6.687,8.377,9.778,7.488,late,1761.0,0
DEMO-0114,4.453,8.879,6.283,11.463,11.292,9.059,10.834,9.651,7.236,12.356,6.754,7.075,10.249,6.967,7.242,8.319,5.822,11.205,4.281,10.036,5.307,7.376,12.574,11.92,6.232,10.935,8.112,9.998,9.511,8.423,7.031,9.511,9.568,8.729,9.451,6.206,6.406,6.782,7.127,9.21,7.573,early,755.0,1
DEMO-0115,7.745,9.033,6.474,10.307,10.307,9.01,10.086,10.503,7.884,11.288,8.107,5.254,13.147,7.013,5.399,8.736,5.681,9.882,5.19,8.47,4.344,5.325,10.742,9.973,4.593,11.21,8.271,10.828,10.486,9.324,7.346,9.095,10.289,9.72,8.948,7.275,7.265,6.2,7.168,9.774,8.19,late,1535.0,1
DEMO-0116,8.252,10.865,8.006,11.96,11.725,11.586,10.593,10.056,8.0,12.434,7.881,5.997,12.86,8.326,6.897,8.558,6.921,9.939,5.733,8.238,7.857,8.039,11.143,10.566,6.382,11.036,6.666,10.041,8.712,9.839,7.13,8.385,9.396,10.544,9.604,7.655,7.942,6.494,6.974,11.639,8.82,late,2191.0,0
DEMO-0117,7.011,9.123,6.844,11.483,10.489,11.439,11.889,11.08,6.963,11.688,7.148,6.642,10.809,7.054,6.799,10.496,6.169,9.702,7.199,8.988,7.762,7.939,11.291,9.853,4.559,8.999,5.433,9.331,8.153,7.087,5.113,9.834,10.941,9.528,9.276,6.249,7.633,6.761,7.033,10.543,8.371,early,3131.0,1
DEMO-0118,7.817,9.3,7.978,11.591,11.917,11.251,11.266,10.285,9.428,14.102,8.179,7.267,11.852,6.847,6.429,8.379,7.303,9.169,6.378,8.845,5.842,6.523,10.969,12.561,5.906,10.778,8.2,11.09,8.025,6.741,4.941,9.034,8.21,9.501,8.496,8.105,6.748,5.131,7.321,9.76,9.538,late,924.0,0
DEMO-0119,7.996,12.372,8.671,12.91,12.315,11.056,11.845,10.333,8.594,11.791,8.29,7.026,12.007,8.44,5.768,8.743,5.402,9.511,5.519,9.572,5.79,6.488,11.823,10.574,6.535,10.308,5.907,11.397,7.115,8.803,7.261,10.256,11.702,11.063,10.381,6.381,6.859,5.5,7.598,8.868,8.378,early,1078.0,0
DEMO-0120,4.783,7.222,5.956,8.78,9.655,6.53,11.618,11.164,6.331,11.253,6.366,6.211,10.413,8.071,6.469,9.352,7.006,10.05,6.771,9.368,7.851,7.111,13.359,12.65,7.303,11.373,7.479,9.848,7.435,9.391,6.654,9.857,11.072,10.577,9.546,7.523,6.502,5.506,7.587,8.842,6.848,early,1175.0,0
DEMO-0121,7.644,9.97,8.02,10.419,11.895,10.997,9.868,11.323,8.632,11.993,7.53,5.887,11.792,7.434,7.166,9.195,6.849,10.794,7.412,8.741,6.676,7.358,13.114,12.686,7.764,12.151,9.299,11.639,11.638,8.188,5.888,8.988,11.813,9.711,9.772,6.482,6.364,6.086,6.628,8.966,9.13,early,3590.0,1
DEMO-0122,7.619,8.427,6.491,9.977,10.659,9.5,9.625,10.825,7.59,12.862,7.088,6.849,9.75,7.684,7.26,10.425,8.658,11.412,8.194,8.544,7.381,8.806,11.785,12.96,8.321,13.397,8.192,11.173,9.134,9.815,5.891,9.024,10.888,9.305,8.807,6.748,6.908,6.783,7.156,9.301,7.202,early,4276.0,0
DEMO-0123,9.36,11.429,8.68,10.484,12.624,11.149,11.14,10.656,7.37,12.133,7.646,8.567,10.971,5.541,6.422,9.441,5.204,9.121,5.502,10.086,5.088,6.769,10.704,11.966,7.241,12.133,10.27,12.971,11.07,10.221,8.396,7.778,9.776,9.223,6.21,6.412,5.41,7.619,6.936,7.804,7.238,early,1726.0,1
DEMO-0124,7.877,10.399,8.562,9.692,11.752,11.794,12.902,9.51,6.161,10.794,5.598,5.549,10.627,5.693,8.506,10.952,8.084,12.108,8.737,11.681,8.862,9.002,11.783,12.625,5.694,10.865,7.397,9.661,8.636,7.478,6.101,9.75,10.857,10.542,8.903,5.625,5.613,6.042,7.319,9.126,8.125,early,1288.0,1
DEMO-0125,8.062,9.343,9.039,11.167,12.69,10.871,10.399,11.44,8.299,13.678,8.974,7.829,12.31,9.701,7.03,10.189,6.907,10.567,7.122,10.021,8.305,9.138,10.587,11.91,3.764,9.104,6.615,11.138,6.751,7.922,8.329,9.602,9.628,9.123,9.129,7.478,6.803,4.599,7.692,9.647,8.646,late,565.0,0
DEMO-0126,6.396,10.126,7.897,9.572,9.797,8.598,10.076,10.286,9.326,13.445,7.443,7.724,13.624,7.66,6.766,10.381,6.802,10.872,6.391,10.658,6.756,8.16,10.604,10.489,4.724,10.382,7.186,8.881,9.02,7.512,7.716,9.437,12.524,11.803,8.605,7.285,7.381,7.157,7.246,8.859,7.092,early,1467.0,1
DEMO-0127,6.771,7.746,7.778,11.55,11.867,11.016,10.707,10.516,7.546,11.222,6.643,4.896,10.835,7.648,6.11,9.65,5.82,9.254,6.421,6.919,6.909,8.232,10.994,12.964,6.224,9.832,7.107,9.935,9.413,6.299,6.176,10.582,11.89,10.32,10.511,5.482,7.134,4.516,8.232,10.089,7.968,early,1566.0,0
DEMO-0128,5.882,9.509,8.663,11.866,10.887,11.718,12.532,10.777,7.682,13.386,6.987,6.243,11.525,7.925,7.335,9.094,6.205,9.832,7.607,9.808,5.724,5.241,10.942,10.571,4.921,8.965,7.783,12.442,8.804,7.441,6.574,9.843,11.863,11.205,9.263,7.419,7.231,5.37,7.97,8.628,8.349,early,1964.0,0
DEMO-0129,8.918,11.175,8.73,11.389,11.901,10.084,11.281,9.09,9.487,10.55,6.468,7.416,12.096,6.496,7.85,11.48,6.289,12.424,6.293,10.385,6.839,8.42,11.813,13.687,6.389,11.379,6.96,10.398,9.668,8.515,5.918,10.617,11.082,10.543,11.469,6.361,6.074,7.608,7.106,7.749,9.133,early,3221.0,0
DEMO-0130,6.697,7.637,7.109,9.653,9.899,9.006,10.59,10.078,8.181,12.673,6.692,5.215,11.668,8.578,5.773,10.891,6.833,9.531,6.134,8.514,7.745,7.989,10.903,10.49,7.972,9.31,8.333,11.8,10.553,7.309,6.607,11.383,11.049,10.686,8.933,5.336,6.682,4.368,6.841,9.359,7.62,early,311.0,1
DEMO-0131,7.076,7.691,5.581,9.615,10.441,8.414,11.871,8.101,7.419,10.133,7.541,6.666,10.828,7.227,7.273,9.068,6.518,9.622,6.873,9.901,6.996,8.018,10.781,10.087,4.888,10.281,10.213,12.808,9.824,9.249,7.287,10.44,10.896,9.763,8.334,6.398,6.974,5.911,7.687,8.617,8.596,early,1283.0,0
DEMO-0132,7.286,8.383,7.005,11.808,10.746,11.285,10.976,10.783,7.133,13.337,7.943,6.319,9.636,7.298,8.171,9.807,4.953,10.782,5.823,9.831,8.444,8.345,10.415,11.161,7.218,11.399,7.501,10.918,9.67,6.556,4.067,7.978,8.954,8.766,8.202,6.428,6.468,4.917,6.803,10.662,7.899,early,119.0,1
DEMO-0133,8.716,10.117,8.741,12.318,12.399,12.48,10.296,8.681,8.189,13.536,8.122,6.434,12.762,7.369,6.534,9.573,5.57,9.78,5.883,9.063,6.212,7.393,11.516,11.622,6.522,11.699,7.877,11.727,9.495,8.252,6.654,7.678,8.861,8.976,5.975,6.743,8.593,5.15,7.837,9.145,7.306,early,199.0,1
DEMO-0134,6.863,9.656,7.308,11.02,12.168,10.839,11.279,8.837,8.048,11.867,7.101,7.571,12.054,8.331,7.086,10.68,7.844,11.018,5.745,10.341,8.752,9.181,11.176,11.721,6.623,12.048,6.91,10.1,10.195,9.251,4.667,9.99,10.173,11.632,9.564,6.572,5.479,4.758,8.297,8.767,7.102,late,1484.0,1
DEMO-0135,9.243,9.433,8.078,12.788,12.879,11.501,13.177,7.262,6.053,10.177,8.253,5.043,11.339,5.823,4.762,8.394,6.217,9.533,5.452,10.119,5.392,7.793,11.155,11.353,6.204,9.27,8.292,11.158,10.423,8.226,5.636,9.636,10.874,9.5,9.146,6.14,5.159,5.743,7.647,9.86,7.372,early,971.0,0
DEMO-0136,6.621,7.927,5.703,10.032,10.741,8.314,9.743,10.01,7.573,12.709,7.364,5.439,11.401,5.905,6.878,10.503,8.292,9.971,5.73,9.115,6.385,9.199,10.861,11.889,6.471,12.374,8.015,11.773,10.252,8.127,6.59,9.49,11.028,10.589,9.261,5.555,7.923,7.679,6.807,9.172,9.017,early,777.0,1
DEMO-0137,8.168,9.468,6.812,11.203,10.269,8.726,11.413,10.745,6.973,10.46,6.092,6.229,13.288,6.416,6.566,9.139,4.735,7.668,6.189,9.497,6.205,5.817,10.556,11.853,3.624,10.259,7.105,10.664,10.106,8.24,7.977,7.651,10.512,10.767,8.176,6.113,6.974,5.066,8.464,9.305,8.332,early,3970.0,0
DEMO-0138,6.787,10.266,8.045,11.368,11.268,10.657,11.947,9.759,5.893,12.04,6.53,6.735,11.82,7.59,7.903,10.202,5.38,10.035,7.024,8.71,6.449,7.716,10.557,11.806,5.661,10.994,8.074,9.587,8.189,7.88,4.602,10.21,12.504,11.155,10.714,7.34,7.428,6.376,6.833,8.547,8.145,early,3157.0,0
DEMO-0139,7.874,8.659,8.953,11.143,9.849,11.062,11.418,9.538,7.365,11.189,4.896,6.192,10.246,6.027,6.538,9.622,7.444,11.221,5.885,9.336,5.964,9.648,11.051,11.656,6.201,10.159,7.445,9.982,9.132,8.537,7.177,10.746,11.36,10.288,9.876,6.536,6.23,6.014,8.996,8.22,8.255,early,1287.0,0
DEMO-0140,5.359,7.977,6.784,8.606,9.43,8.68,11.101,9.688,7.592,13.045,7.726,7.576,12.671,7.818,7.824,12.498,7.631,12.264,7.599,10.389,8.522,10.003,11.306,11.985,5.961,10.053,8.866,12.897,9.261,9.827,7.063,7.66,9.343,8.026,8.855,7.422,7.605,6.038,7.421,9.061,7.776,early,2924.0,0
DEMO-0141,7.662,9.51,9.244,11.749,10.482,11.281,11.051,11.225,6.865,11.904,7.624,5.69,11.875,6.835,5.118,9.701,6.855,9.814,5.751,10.279,7.718,8.573,9.933,10.485,5.898,10.662,8.181,10.797,8.351,9.418,6.076,8.407,9.11,9.579,8.196,6.793,7.237,6.613,8.134,9.574,7.765,early,904.0,1
DEMO-0142,7.316,9.27,6.714,10.76,11.048,9.852,10.95,10.592,9.934,13.804,8.999,6.881,10.826,8.34,6.315,11.367,7.842,12.281,6.665,10.488,7.638,8.375,11.507,11.127,6.066,11.676,8.396,12.952,10.398,8.988,5.686,9.713,12.029,11.027,10.768,6.359,7.763,5.854,7.707,9.493,7.883,late,895.0,1
DEMO-0143,6.632,9.067,8.822,9.933,10.797,8.457,10.264,9.43,7.644,8.482,4.765,4.921,10.166,4.869,8.279,10.478,5.848,10.136,6.72,10.438,8.283,9.846,11.838,12.379,7.593,10.359,5.945,10.936,7.274,8.39,5.291,10.019,11.326,8.085,9.542,6.082,6.856,4.435,7.141,9.271,8.805,early,2051.0,0
DEMO-0144,6.772,11.769,8.947,11.881,11.447,11.156,11.495,11.226,7.402,9.786,7.856,5.869,8.454,7.394,9.465,11.079,9.366,10.477,7.862,9.795,8.402,10.144,10.564,12.213,5.748,12.057,7.719,10.975,9.028,7.591,6.53,8.991,8.774,8.986,7.682,6.887,7.256,6.32,7.018,9.59,8.172,early,2070.0,0
DEMO-0145,6.094,8.448,5.342,8.947,10.017,10.283,11.447,10.454,9.127,13.511,8.132,7.278,13.432,7.912,6.836,10.644,7.13,9.757,7.71,8.268,6.194,9.85,9.682,10.984,4.556,10.635,7.863,12.209,10.166,8.309,7.058,11.326,11.246,10.664,11.298,7.421,6.318,5.831,7.173,9.213,8.503,late,210.0,1
DEMO-0146,7.049,9.201,6.789,10.666,10.54,8.274,10.765,8.548,7.014,10.657,6.686,4.799,10.365,6.265,7.289,10.663,8.211,10.283,7.369,9.934,7.725,8.184,11.002,10.809,5.7,10.96,8.283,10.283,9.304,7.847,6.637,9.243,9.279,9.109,8.933,6.763,6.596,6.888,6.52,9.402,8.66,late,811.0,1
DEMO-0147,7.918,11.299,8.979,11.498,11.176,9.981,12.888,11.826,6.941,12.052,7.035,6.317,12.707,7.61,8.755,10.931,10.198,12.177,8.398,11.738,8.314,10.002,10.04,10.367,3.108,9.741,7.561,11.124,8.086,10.531,7.477,9.743,11.16,12.102,10.423,5.204,5.188,4.542,7.197,8.629,8.875,early,3405.0,0
DEMO-0148,7.28,8.656,7.243,11.515,9.46,8.996,11.022,11.714,9.129,13.633,9.55,8.339,13.425,10.189,6.074,9.346,7.425,10.364,6.252,8.451,5.529,7.255,12.186,12.141,8.466,13.73,8.329,11.265,11.369,8.37,6.153,9.499,10.525,10.864,9.237,6.394,7.851,4.706,6.362,9.942,8.016,late,652.0,1
DEMO-0149,6.172,8.535,6.697,11.332,10.798,9.466,11.598,9.978,8.589,11.143,8.966,6.742,13.076,7.027,5.851,9.856,5.781,9.255,7.601,10.325,7.002,7.636,11.316,11.575,7.147,9.227,7.566,9.513,9.194,10.748,7.66,10.93,11.034,11.478,9.526,7.612,7.291,6.554,7.011,10.042,8.818,early,696.0,1
DEMO-0150,7.383,9.236,6.538,9.326,11.221,10.924,10.379,10.377,8.587,14.221,9.439,7.64,13.509,10.404,8.517,10.644,7.212,10.367,8.139,9.125,7.153,7.383,12.223,10.298,8.282,10.113,6.908,10.302,9.628,7.768,5.693,9.833,9.923,9.799,8.179,5.799,7.286,7.127,7.624,8.937,9.375,early,1334.0,1
DEMO-0151,8.408,9.975,7.351,10.698,10.245,9.81,9.967,9.642,6.362,10.579,7.942,6.744,10.411,5.548,7.644,9.729,6.606,10.851,5.716,9.515,6.746,8.42,11.826,14.602,9.255,11.89,6.243,9.676,9.319,7.386,7.145,8.81,9.961,11.116,8.625,6.245,7.523,6.322,8.482,9.332,8.249,early,2549.0,1
DEMO-0152,6.907,10.589,9.091,11.074,12.351,11.824,10.731,8.553,8.295,10.765,6.798,6.095,12.141,8.02,7.436,8.279,5.784,9.093,5.837,8.769,8.109,7.152,11.841,11.375,7.735,11.875,5.918,10.246,7.485,7.319,7.875,10.059,10.177,11.187,8.089,7.561,6.865,5.999,8.33,8.243,8.862,early,1644.0,0
DEMO-0153,6.319,9.007,7.062,9.757,9.405,9.211,11.88,11.161,6.747,13.166,8.36,6.79,10.847,7.816,8.548,11.398,8.033,9.978,7.97,10.323,8.559,7.805,12.765,12.545,5.185,11.022,7.071,10.871,8.137,9.24,7.777,11.748,11.249,11.545,11.302,6.525,6.169,5.592,6.426,8.713,8.95,late,87.0,1
DEMO-0154,7.13,11.165,7.792,9.524,11.831,10.316,10.56,9.618,7.556,10.611,6.512,5.524,10.231,5.855,8.372,8.224,6.764,9.798,6.591,8.449,7.063,8.482,11.731,11.96,6.372,10.719,8.915,12.059,10.453,9.415,8.006,9.646,11.842,10.117,10.445,6.676,5.958,5.705,7.06,8.655,9.171,early,1462.0,0
DEMO-0155,4.803,7.644,6.894,9.557,9.654,9.189,7.913,10.084,7.311,12.366,6.496,6.867,12.006,6.191,6.112,8.098,7.119,9.788,6.864,10.029,6.708,6.78,13.004,12.086,6.501,10.228,8.553,11.291,10.776,6.623,6.237,9.375,8.942,8.15,8.426,8.482,7.693,6.722,9.839,9.746,6.516,late,373.0,1
DEMO-0156,8.65,10.521,8.389,12.041,10.824,12.107,10.945,8.549,6.847,10.862,5.989,4.702,10.67,5.495,7.752,10.025,9.132,11.253,5.948,9.464,8.899,9.154,11.749,10.394,5.488,10.919,8.181,11.667,10.566,8.69,8.506,8.008,8.595,9.291,9.539,5.583,5.621,5.753,7.001,8.37,7.121,early,3225.0,0
DEMO-0157,10.282,11.179,9.505,13.033,13.189,11.264,14.653,9.022,6.095,12.09,6.528,2.977,9.507,4.894,7.435,8.86,5.501,9.564,5.8,8.695,6.575,8.649,9.137,11.501,5.694,10.449,7.482,11.703,10.015,6.385,5.648,10.213,9.106,8.884,8.615,5.927,6.636,6.015,8.793,11.275,6.903,early,674.0,0
DEMO-0158,8.551,10.241,7.38,11.256,12.059,10.837,11.9,12.074,8.893,13.814,6.085,7.32,13.381,7.514,6.277,9.002,6.47,10.223,4.907,8.237,7.974,8.121,9.757,10.598,4.044,8.476,7.091,10.696,8.551,11.449,8.243,9.053,9.908,9.382,9.185,6.31,6.685,7.029,8.266,9.193,7.967,late,216.0,1
DEMO-0159,6.017,8.486,6.084,11.128,12.686,9.339,9.953,9.714,7.703,11.54,7.378,6.842,11.499,7.27,6.166,9.203,5.408,8.449,5.266,8.347,7.347,6.161,12.824,11.342,6.13,11.544,8.178,10.756,10.428,8.681,7.215,7.386,8.722,9.299,8.796,7.182,6.593,6.935,8.258,8.773,8.348,early,2969.0,0
DEMO-0160,6.723,9.384,7.589,10.171,10.486,8.513,11.874,10.606,7.335,12.704,7.845,5.721,12.629,7.279,7.627,8.761,6.03,10.049,6.728,10.67,6.756,7.543,10.983,12.834,6.24,9.812,8.336,10.027,10.447,7.327,8.211,11.255,12.216,11.172,10.778,6.021,7.493,5.529,8.798,9.157,8.798,early,3004.0,1
DEMO-0161,7.371,10.529,7.528,10.427,11.509,10.881,10.963,11.666,7.779,12.945,6.629,6.908,13.984,9.083,7.171,9.983,8.781,11.325,6.167,12.017,7.289,9.268,11.307,11.036,8.789,11.248,8.706,10.58,8.258,8.313,5.661,7.392,9.654,10.03,9.405,6.416,6.509,4.805,7.92,9.007,9.158,early,1867.0,1
DEMO-0162,7.361,8.725,8.002,9.509,9.205,8.052,9.754,9.459,8.069,11.524,6.088,5.005,10.971,4.579,7.439,9.679,7.471,9.862,7.769,10.907,7.583,9.933,10.387,12.065,5.413,11.462,7.881,9.518,8.711,8.175,6.934,9.753,9.615,9.114,8.016,6.566,6.886,4.667,7.929,8.657,8.415,late,429.0,1
DEMO-0163,7.733,9.598,6.112,8.0,10.135,9.502,8.827,7.403,3.834,10.277,4.509,5.436,9.268,4.573,5.905,9.989,7.853,8.932,8.808,10.3,7.996,7.112,10.729,12.042,6.261,11.528,6.844,11.763,9.846,7.734,6.081,8.617,9.402,7.986,6.215,6.49,8.447,5.424,6.586,8.752,7.44,early,2718.0,0
DEMO-0164,5.167,8.914,5.12,7.054,9.91,8.808,10.127,11.082,8.426,13.802,9.28,7.151,12.668,10.267,8.132,10.714,7.726,9.656,8.022,9.544,5.249,7.823,11.162,10.332,5.486,8.972,9.736,11.955,9.032,8.737,6.805,8.969,8.699,10.644,8.853,6.355,6.635,4.551,8.113,8.834,6.683,early,494.0,1
DEMO-0165,5.675,8.564,8.393,10.278,11.241,9.361,10.181,8.096,6.613,11.695,4.701,5.468,9.873,6.069,6.457,10.449,7.251,10.1,7.02,9.025,7.391,7.337,11.615,11.656,6.956,12.529,7.642,11.388,10.195,7.706,5.516,9.424,11.202,10.332,10.885,8.404,6.967,5.349,7.671,10.041,7.625,late,1804.0,0
DEMO-0166,7.403,9.604,7.913,11.032,8.324,10.367,13.064,9.796,8.034,12.144,7.758,5.796,11.285,5.597,6.579,11.276,6.571,10.512,6.403,12.126,7.534,8.374,11.294,10.991,3.101,9.073,7.016,10.635,10.641,8.787,6.692,10.68,11.571,10.388,9.407,7.125,6.453,7.306,7.022,9.754,7.679,early,808.0,0
DEMO-0167,6.713,8.285,6.808,9.274,9.0,8.572,10.735,8.586,7.607,10.2,6.293,5.065,11.166,6.034,6.472,9.164,5.617,9.474,4.986,9.102,7.317,6.357,10.335,12.562,5.505,8.522,8.755,11.159,10.298,9.093,7.4,10.212,9.336,8.81,9.059,7.435,6.377,6.685,7.21,9.837,8.703,late,354.0,0
DEMO-0168,7.631,9.39,6.864,9.895,12.742,9.901,10.218,8.702,6.155,9.5,6.369,4.702,9.54,5.635,6.254,10.257,7.048,11.61,8.57,10.945,7.154,6.863,10.179,10.367,4.537,9.548,6.623,10.016,7.612,7.521,5.601,10.341,10.213,11.675,8.547,7.885,6.749,5.897,9.833,8.422,8.784,late,1850.0,1
DEMO-0169,7.027,8.44,6.535,10.136,11.311,9.443,11.118,9.548,7.113,11.334,7.582,7.341,12.058,7.932,7.598,11.273,8.641,12.143,6.239,10.653,7.922,9.6,11.171,11.41,6.436,10.555,6.728,11.001,8.87,9.902,6.324,9.698,10.444,8.855,9.673,4.59,7.701,6.693,8.691,9.837,7.178,early,2064.0,1
DEMO-0170,7.202,8.818,8.083,11.391,11.017,9.996,10.663,9.322,7.073,12.78,6.833,7.135,11.766,7.325,6.98,7.947,6.237,9.273,6.941,7.303,5.881,7.796,12.055,10.75,6.664,9.667,9.187,12.528,10.915,7.159,5.445,8.552,10.339,10.786,8.374,5.195,6.047,6.713,8.323,8.546,8.182,late,254.0,1
DEMO-0171,5.779,8.182,7.205,10.281,10.564,8.826,10.342,8.399,6.469,10.119,4.792,4.433,10.023,6.816,8.248,11.461,6.654,11.137,7.706,9.978,9.091,10.015,11.056,12.64,6.682,10.684,8.34,13.415,10.127,7.206,5.353,9.472,11.125,9.979,8.96,5.814,6.34,7.207,7.123,7.518,7.645,early,2289.0,0
DEMO-0172,6.189,9.726,8.472,11.012,10.195,10.377,10.819,6.504,6.58,8.164,3.195,4.811,9.282,4.705,6.461,9.824,4.436,7.333,3.905,8.728,5.358,6.198,9.821,11.295,5.713,10.817,8.305,11.758,10.492,9.109,7.374,8.911,9.593,11.027,8.947,5.367,6.759,5.287,6.255,9.04,8.337,early,3074.0,0
DEMO-0173,7.546,9.234,7.35,10.387,11.147,9.959,11.439,9.947,7.896,13.587,7.68,6.62,11.667,8.081,7.683,9.854,6.092,9.72,6.461,8.803,5.869,9.833,11.267,10.968,3.305,9.438,5.881,10.238,7.32,6.089,4.914,9.195,10.106,10.102,9.404,6.277,7.371,5.355,7.305,9.981,7.042,early,1848.0,0
DEMO-0174,5.122,7.742,6.221,8.645,8.621,7.609,10.371,11.356,9.565,13.436,6.775,7.616,13.246,8.294,5.725,8.973,5.137,9.992,9.142,8.624,5.165,8.009,9.676,11.377,5.302,9.62,7.266,11.371,10.143,9.182,6.777,11.513,11.268,9.537,10.155,4.854,5.443,6.425,7.264,8.97,7.312,early,1083.0,1
DEMO-0175,6.031,9.001,5.913,9.794,9.107,9.162,10.222,9.008,6.468,12.071,6.755,6.996,10.824,4.431,7.223,9.405,7.238,10.661,6.941,8.358,6.835,7.728,10.918,12.496,7.233,10.102,7.636,9.594,9.458,5.91,4.996,11.612,12.144,11.391,12.992,6.464,6.267,5.176,7.444,8.674,8.278,late,76.0,1
DEMO-0176,6.34,9.764,6.714,12.212,11.18,10.561,9.192,9.332,8.472,13.61,8.656,5.778,12.847,7.326,7.247,9.994,7.61,9.021,6.436,10.052,6.61,8.609,10.696,10.912,6.901,9.483,8.193,11.31,11.407,9.754,7.466,8.38,9.555,8.317,8.986,5.422,6.381,6.268,7.454,9.482,7.783,early,4101.0,0
DEMO-0177,5.803,8.731,7.252,9.35,10.008,8.301,11.138,10.171,9.277,11.926,7.716,6.554,13.305,8.149,9.257,11.369,7.312,12.526,6.635,10.721,7.468,6.643,10.255,12.543,6.035,11.054,7.634,9.203,8.019,9.522,6.0,9.383,11.384,9.659,10.168,5.346,6.174,6.103,7.925,9.425,9.173,late,201.0,1
DEMO-0178,5.832,8.386,6.97,11.508,12.414,8.272,11.644,9.077,5.605,11.502,7.209,4.841,11.679,4.647,4.608,9.613,6.11,10.914,6.98,8.376,7.91,6.555,10.6,8.654,4.923,7.76,8.255,12.088,9.204,7.884,6.607,9.147,9.664,9.014,9.596,5.463,7.038,5.646,8.038,9.597,10.701,early,2269.0,1
DEMO-0179,7.431,7.061,6.482,10.583,9.597,10.117,8.762,9.376,9.827,11.605,7.797,5.995,11.29,6.931,6.567,8.008,5.755,10.052,6.259,8.706,7.116,7.811,12.612,11.715,8.486,10.98,7.749,11.189,8.391,5.947,6.676,10.032,12.081,11.704,8.522,7.403,7.547,4.967,7.864,10.058,8.443,early,2773.0,0
DEMO-0180,8.452,9.044,7.79,8.728,10.54,10.749,10.428,10.181,8.458,11.708,9.582,5.659,12.632,6.511,6.431,10.316,5.583,9.859,7.594,9.171,5.776,6.954,10.644,11.312,6.275,11.62,7.331,10.846,9.495,6.216,6.608,10.208,11.214,10.924,10.017,5.279,8.127,6.891,6.204,8.359,9.127,early,467.0,1
DEMO-0181,5.486,9.509,7.163,9.92,9.663,8.73,10.213,9.903,7.634,12.012,7.126,5.407,12.877,6.684,6.353,8.801,6.135,9.636,6.485,9.165,5.88,8.091,10.725,12.282,7.596,12.818,6.604,9.085,7.5,9.798,6.392,8.777,8.834,10.672,8.845,5.2,6.765,4.766,8.056,8.766,7.757,early,1445.0,1
DEMO-0182,6.218,6.204,5.547,7.355,10.261,9.074,9.247,10.174,9.298,12.336,6.702,7.504,13.002,7.568,6.453,12.274,5.977,10.775,7.33,8.363,7.877,7.659,11.899,12.053,6.81,11.072,6.753,12.08,10.016,8.537,6.459,11.075,11.692,10.802,9.745,7.527,7.197,6.699,7.949,10.371,8.473,early,139.0,1
DEMO-0183,5.117,10.227,7.096,11.008,11.258,9.27,11.466,10.163,7.658,10.655,6.625,5.352,11.936,6.518,6.591,8.777,6.017,10.124,4.015,8.033,7.586,7.766,11.108,12.131,6.273,11.594,7.008,11.061,8.368,9.188,8.1,9.137,9.209,8.527,6.786,5.758,5.684,5.753,7.696,9.729,7.097,early,541.0,0
DEMO-0184,7.286,7.888,6.311,8.851,11.541,10.258,10.978,11.621,9.41,12.756,6.428,7.563,11.159,7.363,7.654,10.557,7.828,10.452,5.108,9.825,7.327,8.01,10.56,12.514,7.639,12.985,8.345,10.784,9.29,9.854,6.618,7.775,9.911,8.595,8.106,6.886,8.433,6.261,7.785,9.15,7.823,early,311.0,0
DEMO-0185,6.684,10.314,7.199,11.013,9.512,10.651,10.289,10.034,10.705,13.937,8.513,7.495,13.175,9.49,6.187,10.456,7.016,9.818,5.296,9.339,7.879,8.703,12.172,10.407,6.896,9.66,6.362,10.001,9.41,8.468,5.736,9.127,8.892,9.386,6.529,6.837,5.088,6.15,8.233,7.943,8.68,early,3540.0,1
DEMO-0186,6.694,9.712,6.776,9.63,10.496,10.274,10.332,9.308,7.852,12.895,9.183,5.982,9.785,7.359,8.712,10.101,6.554,10.68,7.98,10.022,7.551,6.937,10.98,10.785,5.229,10.741,8.278,9.18,8.644,9.848,6.97,7.982,10.798,9.212,8.313,7.554,7.397,4.631,7.306,10.138,10.012,early,3073.0,0
DEMO-0187,7.066,10.325,8.694,10.865,10.874,10.244,11.292,11.164,7.928,12.078,6.546,5.052,13.323,8.258,10.168,10.417,8.165,12.201,9.181,9.301,8.791,9.826,12.456,11.434,6.678,11.499,8.826,12.096,10.628,7.839,7.019,8.817,10.2,9.893,8.981,5.964,6.444,5.135,7.358,9.548,7.125,late,752.0,1
DEMO-0188,9.196,8.689,8.108,11.898,10.513,11.213,11.447,10.349,7.347,13.007,6.823,5.852,11.31,8.255,6.207,8.404,5.935,10.047,2.34,9.444,5.504,6.255,11.259,13.444,5.596,9.211,8.954,10.792,9.79,8.212,6.114,8.782,10.438,8.72,8.106,5.522,6.919,6.356,8.89,7.95,8.581,early,1645.0,0
DEMO-0189,7.544,11.26,7.495,13.075,12.208,10.112,12.684,9.688,7.437,12.039,8.002,6.793,13.333,6.975,9.066,10.115,8.471,11.833,9.394,10.922,8.389,9.344,9.402,8.274,4.896,8.363,5.371,9.449,6.991,6.933,5.175,9.479,8.743,8.618,9.358,6.765,7.131,5.452,8.147,9.907,7.514,early,2119.0,0
DEMO-0190,5.937,9.651,7.285,10.411,10.761,11.105,13.209,9.63,8.202,11.67,7.299,4.734,11.568,6.308,6.786,11.009,7.632,10.289,8.029,10.327,7.103,9.894,11.628,12.233,4.172,11.022,5.455,9.663,8.623,8.722,7.006,8.921,8.413,9.522,8.057,7.259,4.839,5.248,9.075,8.127,6.904,late,157.0,1
DEMO-0191,7.015,8.735,7.431,9.079,10.898,10.015,11.213,9.256,7.961,11.957,6.176,6.82,11.815,5.724,7.393,11.024,8.071,10.857,7.078,11.377,7.923,8.383,12.316,9.924,5.098,10.456,9.22,10.256,10.41,7.873,6.268,7.593,8.16,8.982,7.617,6.131,7.143,7.018,7.251,8.71,7.79,early,367.0,0
DEMO-0192,9.026,10.087,8.113,11.45,12.104,10.715,11.653,10.208,6.647,12.479,7.222,5.301,12.257,7.342,7.193,9.885,5.268,10.624,6.957,9.172,7.05,9.624,11.64,11.737,6.714,10.497,7.776,10.178,9.571,8.102,6.798,7.899,9.952,8.585,8.966,6.928,7.752,5.779,8.349,10.186,8.43,early,654.0,1
DEMO-0193,6.498,8.427,8.79,11.986,12.143,10.408,10.323,9.836,6.047,11.241,7.398,5.527,10.586,6.91,9.02,10.198,7.309,10.503,8.951,10.983,7.303,9.267,10.349,13.257,6.651,11.563,5.544,9.365,10.178,6.698,7.266,9.835,10.757,9.676,10.122,8.206,7.25,6.718,7.912,9.004,8.805,early,2773.0,0
DEMO-0194,7.263,9.015,6.05,9.112,8.632,8.58,11.488,9.514,7.727,10.794,5.87,4.42,9.801,7.329,7.324,11.38,6.379,10.457,6.068,9.649,7.838,8.621,12.002,13.539,7.567,12.519,8.398,10.499,10.365,8.538,7.296,9.63,9.877,9.796,9.218,6.501,9.222,6.932,8.732,9.311,8.427,early,4025.0,0
DEMO-0195,5.328,10.235,7.827,11.054,10.424,10.798,10.758,10.906,7.978,12.533,8.199,5.84,13.323,8.648,7.875,12.187,7.41,10.047,6.23,9.791,8.985,9.541,10.334,10.996,5.083,8.864,6.804,10.618,10.448,6.917,6.251,10.147,11.717,10.194,8.976,6.216,8.375,6.526,8.422,9.204,8.589,early,995.0,0
DEMO-0196,8.458,10.169,6.684,10.464,10.558,9.215,12.032,9.901,8.047,12.481,6.127,5.734,11.326,7.256,6.174,10.073,6.588,8.733,6.43,9.451,7.535,7.5,12.906,13.567,8.552,11.849,6.528,11.211,9.533,8.454,6.075,8.856,10.753,10.427,9.807,7.229,6.884,7.008,5.394,9.885,7.817,early,450.0,0
DEMO-0197,6.991,9.97,8.808,10.439,11.439,11.015,12.655,9.746,5.122,9.306,5.97,2.75,10.215,6.414,5.959,8.459,7.73,10.633,6.377,9.833,6.203,8.326,12.395,10.809,6.508,11.042,7.731,11.084,11.236,9.213,8.105,9.478,11.596,10.868,10.667,7.459,6.117,5.856,6.655,9.443,9.294,late,1438.0,0
DEMO-0198,7.584,8.514,7.564,10.647,10.988,7.695,9.472,10.711,8.319,12.754,7.834,5.279,12.634,7.765,7.015,10.719,8.063,10.444,5.786,9.262,8.023,7.567,11.57,9.914,5.891,10.199,5.448,10.211,8.092,9.931,8.626,9.123,8.397,8.559,8.056,6.288,7.971,5.538,8.599,9.902,8.814,early,2604.0,1
DEMO-0199,8.967,10.296,9.348,10.868,11.781,12.214,11.682,10.921,8.975,14.687,9.48,7.368,13.51,7.458,9.043,9.507,7.138,12.542,8.866,10.474,8.495,8.539,10.585,11.632,4.286,9.415,7.975,11.769,9.985,9.09,5.635,7.325,8.809,10.197,7.323,7.752,7.193,5.573,6.377,10.583,7.949,early,3914.0,0
DEMO-0200,8.68,11.24,8.132,10.573,12.298,10.388,11.556,9.781,7.001,11.203,7.353,5.388,11.015,7.666,8.629,9.744,7.598,10.651,5.971,10.304,8.532,9.934,11.589,11.987,7.546,9.513,8.991,12.955,10.076,7.939,5.545,9.135,11.265,10.506,9.025,6.56,8.265,6.842,7.75,9.262,9.188,early,1442.0,0
DEMO-0201,6.678,8.364,6.661,8.917,10.555,8.041,9.926,12.473,9.036,13.544,8.196,7.886,12.291,7.438,6.502,9.317,6.403,8.806,5.621,10.0,5.507,8.175,10.581,11.427,7.486,9.725,9.629,11.96,10.615,7.207,7.907,11.45,11.019,10.669,9.819,6.468,7.33,5.671,7.301,9.96,7.653,early,701.0,1
DEMO-0202,6.788,8.035,6.858,8.762,9.226,8.463,10.171,9.594,7.191,11.444,6.652,5.325,10.927,8.335,7.169,9.059,7.982,10.253,7.845,11.525,7.928,8.221,10.938,13.843,7.026,9.751,7.042,10.481,7.775,8.439,5.695,8.417,8.644,8.754,8.436,7.38,7.191,4.608,7.383,8.804,6.825,late,1884.0,0
DEMO-0203,6.828,9.435,8.052,11.424,11.453,10.62,11.723,9.795,7.449,10.926,6.442,6.043,11.539,6.22,7.841,9.86,7.546,10.162,6.316,10.163,7.779,9.397,9.924,10.924,5.489,9.571,7.766,12.072,8.523,8.562,5.811,7.906,9.126,8.514,8.005,7.136,7.121,6.292,8.294,9.018,7.472,early,2543.0,0
DEMO-0204,5.612,7.069,7.68,9.298,11.123,8.41,8.688,9.494,5.337,12.226,6.912,6.741,10.768,5.617,5.428,9.67,7.08,10.546,7.278,9.917,6.554,8.363,10.85,11.819,6.183,10.285,6.5,9.857,7.463,8.866,7.492,8.854,11.714,10.313,9.325,6.671,6.139,5.951,8.16,9.109,7.063,early,1037.0,0
DEMO-0205,7.008,9.514,8.914,11.402,9.816,11.457,11.716,11.57,7.986,13.206,7.245,7.577,12.42,8.282,7.259,11.041,8.617,10.818,7.107,8.299,7.458,7.699,10.624,9.406,5.059,10.192,6.564,8.961,7.88,8.655,6.572,11.495,12.135,10.13,10.722,6.66,7.541,5.953,6.778,8.064,8.446,early,1435.0,1
DEMO-0206,8.196,9.859,9.446,11.765,10.317,11.697,11.971,10.262,9.322,13.432,7.958,8.561,14.276,8.451,8.306,10.382,8.964,10.152,8.156,11.56,8.346,11.019,12.057,12.42,7.536,11.663,9.086,12.004,10.331,8.25,7.684,11.035,10.983,9.644,9.147,6.619,5.942,7.197,8.11,10.704,8.194,late,2009.0,1
DEMO-0207,6.16,9.931,7.747,11.951,9.62,8.701,10.436,10.55,8.211,14.197,8.103,7.148,13.179,7.575,9.073,10.634,8.057,10.879,8.152,8.268,7.669,8.576,13.229,11.497,6.334,12.711,8.052,11.736,9.713,10.425,9.802,8.318,10.019,9.523,10.445,5.916,6.428,5.898,7.19,9.04,9.242,late,155.0,1
DEMO-0208,7.892,9.267,8.429,12.976,11.912,9.514,11.825,9.713,6.332,10.159,6.543,4.876,10.749,6.226,6.334,10.527,5.933,10.695,5.743,8.536,6.583,7.985,11.555,11.863,6.804,11.588,8.301,11.018,8.379,5.457,6.057,7.771,9.218,10.892,7.226,6.269,6.195,6.189,8.595,8.658,7.914,early,306.0,0
DEMO-0209,8.716,10.491,7.909,12.149,10.515,12.229,10.802,10.614,9.002,12.854,8.199,6.153,10.887,7.661,7.549,9.205,5.62,10.02,7.093,8.551,6.779,6.665,10.241,9.991,5.31,9.801,7.66,11.788,8.404,9.759,7.553,10.099,10.291,9.462,11.183,6.198,5.275,6.266,7.397,9.438,6.803,early,3873.0,0
DEMO-0210,8.183,10.308,7.193,10.839,10.029,9.7,11.878,11.103,8.61,11.082,6.852,6.983,9.981,7.495,7.942,11.068,7.548,10.997,6.941,10.415,7.125,8.364,11.817,12.348,7.408,12.089,6.948,9.414,7.87,8.764,7.631,11.197,11.86,11.77,12.28,6.454,6.109,7.11,6.403,9.771,9.354,late,482.0,0
DEMO-0211,6.945,9.344,6.789,10.802,11.428,9.457,11.527,10.132,8.671,10.792,7.503,7.68,12.423,7.647,5.775,9.068,7.213,11.03,6.916,9.7,7.571,8.803,13.676,13.448,8.179,12.546,6.649,9.685,7.795,6.518,7.072,10.523,11.674,12.326,10.358,7.077,7.416,6.147,7.614,8.963,8.984,early,796.0,1
DEMO-0212,7.415,9.243,7.229,10.63,10.775,10.618,11.197,8.444,7.139,10.847,6.356,6.454,11.577,5.658,7.594,10.707,7.421,10.838,8.119,9.742,7.866,9.446,9.9,11.802,6.999,10.792,7.803,10.881,10.054,9.805,7.306,10.402,11.626,10.346,9.805,6.817,6.406,5.259,7.653,9.159,8.273,early,2478.0,1
DEMO-0213,7.515,8.342,8.023,11.299,10.759,8.564,11.247,9.904,8.199,10.698,7.178,6.467,10.108,6.026,8.239,12.778,7.572,11.618,8.061,11.703,8.979,9.415,10.747,12.182,8.236,10.732,7.037,10.411,8.679,8.14,7.103,10.09,10.355,10.454,9.333,7.438,6.624,6.689,7.977,9.364,8.404,early,1125.0,0
DEMO-0214,5.842,8.489,6.296,9.283,10.567,7.726,11.561,8.944,7.862,11.321,6.329,6.995,10.559,6.223,5.737,10.731,7.848,10.506,6.115,9.19,7.525,8.485,9.966,10.373,4.517,9.293,7.162,11.443,8.211,9.176,6.142,11.117,11.151,10.121,8.529,7.888,7.223,6.142,8.277,9.978,7.119,late,918.0,1
DEMO-0215,7.659,9.1,7.597,10.132,9.592,10.284,11.659,8.774,5.307,8.328,5.682,5.157,10.149,5.956,7.486,11.672,8.258,10.747,6.658,9.84,8.739,8.729,12.173,14.123,8.143,13.786,6.784,12.013,10.059,6.826,4.932,10.535,11.299,10.877,10.059,7.723,8.163,6.085,7.964,8.374,9.967,early,3449.0,0
DEMO-0216,6.037,7.285,6.681,8.61,9.594,7.653,10.277,8.671,6.316,9.748,6.307,5.127,8.637,5.874,8.131,11.658,8.437,12.806,8.618,9.513,10.417,9.701,11.123,12.73,7.821,12.882,7.203,11.071,9.366,6.238,5.918,11.128,9.472,9.059,8.231,6.574,6.186,6.246,8.43,8.84,6.452,early,1250.0,0
DEMO-0217,7.404,9.739,8.523,10.777,11.473,8.415,10.67,9.081,8.232,11.792,6.262,7.341,11.094,6.028,6.51,10.894,7.308,11.314,8.019,9.738,7.476,9.263,12.406,13.418,6.703,11.575,7.364,11.048,8.929,8.32,7.775,8.932,8.552,8.709,6.648,6.171,6.933,5.788,6.766,7.986,9.308,early,2585.0,1
DEMO-0218,7.018,9.09,7.328,10.026,10.173,9.344,10.849,9.131,7.105,11.314,5.882,6.238,11.01,5.548,7.27,9.14,5.522,8.897,7.348,9.977,6.129,7.65,12.654,10.245,7.029,10.946,7.082,10.153,9.135,7.995,8.153,7.545,6.586,9.295,6.576,6.765,8.018,6.751,8.645,9.793,7.771,early,1476.0,0
DEMO-0219,3.998,6.329,4.92,8.076,10.583,7.862,9.836,10.091,8.134,13.171,10.271,7.728,13.537,7.66,5.504,8.146,4.85,8.778,6.379,7.41,6.708,6.958,10.989,10.171,4.969,10.425,7.165,10.281,9.678,8.816,7.601,10.27,10.833,11.008,10.412,8.007,5.386,5.561,7.37,9.136,7.458,late,500.0,1
DEMO-0220,6.172,8.578,7.015,8.75,8.464,8.633,9.444,12.008,9.178,11.899,9.245,6.996,12.662,7.397,7.984,6.971,6.001,9.125,6.088,9.217,6.798,6.532,11.388,11.756,7.899,9.963,9.284,10.016,8.989,9.692,5.578,10.064,9.825,8.942,8.793,6.659,6.406,6.164,7.463,9.012,6.403,early,2090.0,1
DEMO-0221,7.433,9.764,7.784,10.562,11.384,10.421,10.619,7.704,7.384,10.186,6.647,5.193,10.26,7.109,4.701,8.57,5.983,9.393,5.249,8.745,6.546,6.999,9.85,10.909,5.517,10.934,6.955,10.622,9.967,10.343,7.549,8.291,10.278,9.965,9.678,5.387,6.419,5.754,7.79,9.134,7.878,early,2224.0,1
DEMO-0222,8.233,10.713,9.624,12.359,11.768,12.275,12.815,8.953,7.492,9.917,7.287,4.807,10.643,5.101,7.706,10.02,7.886,10.351,5.325,10.437,8.623,8.396,12.338,11.726,8.376,12.169,7.971,11.549,10.635,8.576,6.348,10.026,11.099,10.306,10.028,6.299,6.262,5.541,7.026,7.919,9.581,early,3873.0,0
DEMO-0223,6.858,9.595,8.618,8.941,10.26,8.345,10.111,9.453,7.991,11.249,6.917,5.999,12.496,6.213,6.425,8.681,6.019,10.36,6.625,7.975,6.547,6.51,11.432,11.172,5.188,9.355,7.589,9.744,8.873,9.049,8.73,10.759,10.657,10.302,11.122,7.653,7.148,6.487,8.856,9.18,7.962,early,3122.0,0
DEMO-0224,6.419,8.569,6.626,11.634,12.058,10.353,11.136,11.153,8.929,14.061,9.933,6.919,14.212,7.716,7.017,10.598,7.955,12.084,7.264,9.588,7.066,9.791,8.985,8.868,2.443,7.855,8.345,10.603,10.316,8.625,7.775,9.726,9.033,8.862,9.254,6.247,7.263,5.721,7.848,8.433,7.42,early,482.0,0
DEMO-0225,6.257,10.211,6.388,7.905,11.181,9.346,10.782,8.131,8.098,11.445,6.409,8.039,10.466,5.002,6.801,10.215,5.524,11.213,7.285,9.095,7.861,7.085,11.105,10.913,5.79,11.041,7.952,12.053,11.131,6.673,4.752,7.542,10.317,9.559,8.949,6.836,6.697,5.286,7.087,10.163,8.348,early,3070.0,0
DEMO-0226,6.749,8.717,7.583,8.911,10.431,10.633,9.96,10.035,9.015,11.912,8.098,6.848,11.385,7.568,5.965,11.351,8.142,10.319,8.373,10.478,8.377,8.903,10.629,10.816,6.539,11.364,5.249,11.199,8.226,10.43,8.648,9.435,11.457,11.284,9.672,5.483,7.896,4.788,7.577,11.202,8.87,early,1083.0,0
DEMO-0227,6.255,11.914,8.757,11.964,11.741,11.413,12.532,8.237,6.335,9.534,5.665,3.699,11.343,3.438,8.437,9.435,7.655,10.92,7.813,10.413,7.969,8.549,11.675,13.515,6.804,12.324,8.498,10.439,9.949,8.571,6.247,6.557,11.023,9.311,9.242,7.157,5.274,6.951,8.608,8.359,8.256,early,2486.0,0
DEMO-0228,6.694,9.77,8.391,10.801,11.164,11.998,10.642,9.653,6.176,9.418,5.509,6.316,11.368,6.453,6.908,10.464,6.509,11.447,7.036,8.762,6.676,8.118,11.682,10.036,4.868,10.225,8.623,10.487,9.125,9.778,8.459,9.861,11.643,8.143,9.519,6.87,5.731,5.667,7.835,9.867,6.749,early,526.0,0
DEMO-0229,6.431,9.583,9.137,11.188,10.246,10.722,12.211,11.013,7.835,12.402,7.499,5.782,13.075,6.376,6.531,8.903,7.531,11.272,7.572,11.199,8.222,8.835,12.067,11.818,4.943,9.701,10.313,11.38,8.909,7.482,5.675,10.366,10.365,9.971,9.232,4.914,6.895,5.731,8.128,8.543,8.728,early,444.0,1
DEMO-0230,7.039,8.768,7.223,11.472,12.32,9.883,11.129,10.084,7.896,11.951,8.042,5.214,10.733,9.134,6.148,7.405,5.149,9.798,6.612,8.852,6.714,7.791,11.581,11.322,5.708,10.364,7.751,9.36,9.556,8.24,3.528,8.431,9.432,10.287,9.025,6.733,5.203,6.542,8.529,10.461,8.757,late,2310.0,1
DEMO-0231,7.664,9.22,8.557,10.149,9.34,9.998,11.468,9.398,8.036,12.364,7.625,5.689,12.759,7.843,4.713,6.799,6.624,7.021,2.43,7.935,5.554,5.914,12.515,10.737,4.473,10.83,9.482,11.875,10.48,8.929,7.106,10.726,8.168,11.232,8.736,6.875,6.286,6.058,8.0,10.497,8.162,late,272.0,1
DEMO-0232,3.891,6.29,6.255,8.737,9.454,6.868,9.053,8.914,8.346,12.47,7.706,7.008,11.598,6.747,6.19,10.206,7.145,9.977,6.267,11.1,6.142,7.177,11.946,11.648,6.411,12.803,7.371,10.65,9.995,7.559,6.068,9.474,9.959,10.335,9.273,5.647,6.543,5.05,7.799,8.713,9.183,early,134.0,1
DEMO-0233,6.803,9.14,9.132,11.169,11.835,9.519,10.663,8.801,7.337,12.395,4.918,3.981,10.678,6.776,6.802,9.758,7.493,12.336,7.32,9.724,8.78,7.983,10.988,12.476,7.059,11.408,5.996,10.495,9.614,7.631,5.868,8.683,10.561,9.791,9.487,7.469,5.504,5.904,7.625,9.918,8.955,early,385.0,1
DEMO-0234,7.324,10.275,7.145,9.79,10.299,9.921,12.095,10.099,7.248,12.388,6.699,5.913,11.967,5.772,4.695,8.737,5.508,10.151,5.681,8.365,5.848,6.469,12.126,11.997,5.137,9.416,9.186,10.752,9.697,8.034,9.117,8.035,8.147,9.676,9.219,5.781,8.5,4.412,8.325,7.963,7.633,early,3264.0,0
DEMO-0235,8.3,9.074,7.873,10.287,11.366,11.03,11.249,11.195,8.078,13.403,8.051,5.083,11.277,8.535,7.758,10.81,8.747,10.887,8.299,10.902,8.246,8.142,10.074,11.053,5.37,11.033,8.248,10.538,9.843,7.073,5.532,8.321,10.306,9.847,10.26,6.631,4.933,5.993,7.133,8.43,7.152,early,1038.0,0
DEMO-0236,8.667,11.109,7.958,11.444,11.141,10.089,10.918,9.181,7.67,10.5,5.981,6.063,11.669,6.358,9.031,11.095,7.576,10.278,6.68,9.299,8.816,9.897,11.512,9.043,6.847,9.597,6.492,9.856,8.974,9.42,7.439,9.372,11.704,10.615,10.816,5.315,6.437,5.523,7.298,8.404,8.587,early,3604.0,0
DEMO-0237,7.311,9.583,7.465,11.701,11.135,9.506,11.143,10.594,8.119,12.543,8.793,8.726,11.159,7.684,7.216,11.19,7.826,10.369,6.963,9.879,7.039,8.474,12.04,11.896,7.676,12.023,7.253,11.264,11.072,8.616,7.077,10.877,12.534,10.718,11.314,6.474,7.405,7.317,8.218,10.057,8.252,early,1067.0,0
DEMO-0238,7.554,10.056,9.183,12.077,11.459,11.048,11.234,9.24,6.271,13.088,7.514,6.498,11.042,7.307,5.592,9.594,6.889,10.086,6.633,10.093,7.323,7.58,11.792,11.688,5.234,9.143,5.9,9.455,8.756,7.909,6.575,10.131,11.305,10.202,11.457,7.613,6.399,5.838,8.605,9.719,7.582,early,84.0,1
DEMO-0239,6.89,8.411,7.248,9.785,10.948,8.073,10.32,9.953,8.85,12.26,7.668,6.47,11.732,7.652,7.508,10.229,7.719,11.802,7.078,8.645,7.762,8.801,11.839,11.962,4.242,9.499,7.045,10.389,10.313,8.134,5.443,6.861,9.332,7.956,8.86,6.921,6.489,4.731,7.802,8.919,7.977,early,186.0,1
DEMO-0240,7.891,9.133,8.925,11.311,12.767,11.98,11.734,8.913,6.441,10.933,5.641,5.491,9.51,6.245,7.294,9.31,6.405,10.105,6.68,10.644,8.315,8.361,10.802,10.109,5.068,10.543,6.317,8.509,8.501,9.934,7.477,9.573,12.457,10.058,10.009,6.621,6.507,5.787,5.69,8.314,8.062,early,1851.0,1
DEMO-0241,8.067,10.072,8.708,10.418,9.823,10.921,10.703,8.787,6.294,8.899,7.868,4.698,9.782,5.817,6.66,8.448,6.589,7.958,5.273,8.35,7.215,8.073,11.708,11.815,6.942,12.614,7.814,11.428,11.625,7.465,6.89,9.422,9.78,9.822,9.667,6.444,7.506,6.372,7.181,9.53,7.912,early,3032.0,0
DEMO-0242,6.064,8.916,7.5,9.639,11.163,10.135,12.273,9.561,7.483,12.604,6.517,5.316,11.138,6.31,9.718,11.033,8.151,9.983,7.806,9.979,7.218,9.654,9.404,13.078,7.169,10.134,8.224,13.077,11.91,7.673,7.099,9.96,10.333,8.193,8.122,4.987,7.059,5.657,8.495,8.51,7.411,early,285.0,1
DEMO-0243,8.506,9.929,9.199,11.256,12.67,10.977,12.565,10.031,8.372,11.935,7.183,5.055,11.055,7.546,7.327,10.146,6.921,8.892,5.018,9.887,8.206,8.676,11.355,10.021,5.92,11.028,6.872,11.67,8.77,8.415,5.11,9.251,9.766,9.606,9.454,6.831,6.91,6.72,8.947,9.601,8.836,early,767.0,0
DEMO-0244,6.984,9.739,8.004,8.756,9.972,9.174,9.4,8.704,6.95,11.992,7.792,7.207,11.725,6.327,7.718,9.623,7.607,8.877,6.704,9.55,8.128,8.092,10.905,12.399,7.133,10.896,6.865,9.74,8.508,7.477,6.727,11.026,12.025,12.26,11.049,5.436,5.829,6.015,7.424,8.811,5.999,late,623.0,1
DEMO-0245,7.123,8.097,7.673,10.603,11.332,9.328,9.737,9.957,8.357,12.123,7.822,6.266,12.527,6.438,7.064,8.89,6.856,9.217,6.778,12.293,5.431,8.639,11.609,11.869,6.928,10.083,6.944,10.551,7.029,7.358,7.182,8.611,11.48,10.217,9.382,6.838,6.829,7.037,6.053,8.929,8.147,late,2346.0,0
DEMO-0246,4.3,7.26,7.948,9.528,7.223,8.338,9.171,8.992,8.81,10.943,7.155,5.886,9.819,5.459,7.602,10.351,5.0,8.932,4.737,8.136,5.247,6.767,12.276,9.244,5.894,10.276,7.137,9.843,9.212,10.175,7.795,8.892,9.643,10.138,8.208,7.139,6.848,5.401,7.284,8.937,7.817,early,1821.0,1
DEMO-0247,6.712,8.406,7.737,9.105,11.492,8.953,10.208,7.909,6.725,10.555,7.406,4.854,9.932,6.28,7.555,11.343,7.594,10.822,8.049,10.144,8.251,8.776,10.109,11.158,5.123,9.808,7.752,11.248,8.918,6.885,6.401,7.853,10.714,9.89,8.084,7.091,6.415,4.788,7.71,8.762,7.27,late,1075.0,0
DEMO-0248,8.411,10.556,6.781,12.001,11.339,9.744,10.911,9.296,5.821,10.313,6.22,6.07,12.626,7.374,6.365,9.757,5.849,9.227,5.29,9.125,6.467,5.618,10.003,12.33,6.642,9.906,7.96,11.443,8.889,10.371,9.346,8.323,11.401,11.079,8.475,7.149,7.278,6.499,6.23,7.928,7.111,late,474.0,0
DEMO-0249,6.398,7.286,7.358,8.839,9.363,9.087,10.895,12.851,9.277,12.283,6.763,7.562,13.697,8.494,8.0,10.64,6.615,10.135,6.451,9.857,8.516,7.607,9.621,10.526,5.536,9.274,4.921,10.832,7.654,7.679,4.665,10.096,11.809,9.889,8.896,7.393,6.399,5.856,6.619,9.56,6.905,late,93.0,1
DEMO-0250,8.055,9.782,6.088,11.099,11.038,9.539,11.538,9.216,7.049,10.542,6.168,5.121,11.615,6.123,6.127,10.617,5.886,11.13,6.757,8.723,7.818,7.445,11.308,11.21,6.628,11.099,7.276,10.778,9.552,7.812,6.753,9.611,9.38,9.223,8.132,6.986,8.121,7.383,7.712,9.451,8.803,early,758.0,1
DEMO-0251,3.247,7.398,6.391,9.093,10.057,7.272,10.702,10.491,8.636,13.144,7.763,4.988,12.338,6.419,5.824,9.005,6.528,11.446,6.372,9.544,8.283,8.563,12.364,11.676,6.461,9.998,8.951,9.177,7.931,9.24,6.565,7.441,9.203,7.528,7.716,6.383,7.139,5.364,7.821,10.621,8.306,late,940.0,1
DEMO-0252,5.814,9.253,8.066,10.616,9.945,10.492,10.028,9.921,7.695,10.481,7.265,5.502,10.134,6.119,8.479,9.433,6.109,10.84,5.786,10.037,7.556,7.372,10.966,10.539,5.08,10.402,6.802,9.94,9.617,9.69,7.001,9.325,9.689,9.154,8.925,7.093,6.789,7.343,7.866,8.819,8.436,late,28.0,1
DEMO-0253,7.934,10.976,7.013,10.396,10.147,10.336,10.072,9.832,6.838,12.366,6.307,5.541,10.882,7.343,8.182,9.973,6.881,10.149,7.929,9.618,7.687,8.63,11.707,11.015,7.588,12.183,7.865,12.462,9.129,8.917,7.065,8.733,11.315,9.609,9.944,5.359,7.068,6.253,9.233,9.338,7.17,early,104.0,1
DEMO-0254,6.244,9.837,6.264,10.655,9.272,8.695,10.829,10.877,6.634,11.639,7.374,5.529,10.61,5.986,6.08,9.82,5.717,10.506,6.539,8.012,7.133,7.012,11.855,11.093,6.225,10.654,7.883,11.366,9.329,8.605,7.234,7.816,8.322,10.395,7.68,7.609,6.154,6.626,8.257,8.802,8.257,early,2173.0,1
DEMO-0255,5.105,8.555,7.216,10.441,9.544,9.192,11.574,11.077,9.911,13.109,8.833,6.367,12.627,6.678,6.911,10.474,6.697,9.872,7.091,9.557,6.905,7.301,11.245,11.553,6.494,9.018,7.75,12.874,9.287,8.54,7.249,8.048,9.928,8.638,7.971,5.553,7.376,6.229,8.789,8.641,8.124,early,573.0,1
DEMO-0256,6.153,8.451,8.094,11.551,10.353,8.686,10.048,8.929,7.73,11.741,7.99,5.828,10.426,7.004,6.361,10.127,6.535,11.758,6.865,9.757,6.768,8.136,11.856,12.69,9.032,12.221,6.725,10.644,8.055,8.679,5.968,11.112,12.194,10.238,11.222,7.053,6.05,6.987,6.24,9.547,8.587,early,357.0,0
DEMO-0257,7.704,10.131,8.552,11.076,10.735,10.869,10.765,8.76,6.338,10.715,7.104,3.895,9.538,5.225,6.849,11.336,6.871,11.503,7.38,10.646,7.761,7.758,10.761,11.302,6.064,11.064,6.371,9.591,10.011,10.251,6.669,10.249,11.517,11.889,8.639,7.424,8.168,4.736,7.642,8.561,8.482,early,2787.0,0
DEMO-0258,8.628,9.723,7.718,12.361,12.305,11.371,12.536,9.653,8.054,12.603,7.194,5.655,12.376,6.311,6.269,10.371,5.299,10.959,6.638,10.302,7.152,8.389,10.157,9.601,3.655,9.114,9.197,11.405,10.323,9.913,6.948,10.472,11.426,11.966,9.818,7.652,7.444,7.159,7.49,11.024,8.679,early,1913.0,0
DEMO-0259,8.146,10.231,10.074,10.933,11.37,10.675,11.8,9.572,8.531,11.31,8.874,7.42,12.125,6.973,8.011,11.904,8.985,9.608,7.469,10.924,7.165,8.607,9.896,10.059,5.638,11.488,7.859,10.944,10.03,7.221,7.372,10.033,11.057,9.689,10.93,5.945,8.148,6.123,6.511,9.022,7.812,early,4154.0,0
DEMO-0260,7.051,10.607,8.669,11.798,11.458,10.655,11.819,10.997,7.743,11.909,6.839,6.423,11.977,6.075,9.469,10.416,6.781,10.34,8.535,11.131,6.835,9.67,12.147,11.08,6.911,11.819,7.701,10.355,9.874,8.183,6.88,10.192,10.459,10.434,9.55,7.92,7.025,6.828,7.589,8.9,6.95,early,569.0,1
DEMO-0261,8.068,9.818,6.835,10.417,10.564,10.088,10.192,11.034,9.047,13.272,7.141,7.061,13.126,7.093,4.428,7.909,5.154,8.799,6.505,8.978,7.222,6.468,10.832,10.249,5.786,9.689,8.686,11.115,9.118,8.113,6.387,10.249,10.257,9.695,8.23,6.897,6.97,6.353,7.476,9.088,7.116,early,793.0,0
DEMO-0262,7.011,9.783,9.1,10.785,11.472,10.787,11.391,8.8,7.236,9.691,5.326,3.267,10.051,5.242,6.995,8.747,6.064,9.246,6.066,8.834,6.452,8.669,10.548,12.37,5.061,10.026,7.84,9.027,8.535,7.373,5.554,9.198,10.022,9.97,8.529,5.339,7.141,7.604,9.113,9.25,7.581,early,1628.0,0
DEMO-0263,7.397,8.497,4.852,10.109,9.874,8.466,10.782,8.848,7.436,13.281,7.531,6.563,11.031,6.349,7.69,9.18,6.92,10.156,6.22,9.489,7.181,7.396,11.538,11.632,7.397,10.187,8.592,11.128,11.494,7.142,6.546,10.33,8.904,9.332,9.232,5.747,6.334,6.75,8.959,11.038,8.405,early,4437.0,0
DEMO-0264,5.962,7.743,7.495,8.806,10.376,8.782,10.932,10.874,7.793,11.467,7.065,6.302,10.539,6.358,6.997,8.992,5.967,10.019,5.738,8.978,6.537,6.833,11.771,11.285,5.121,10.171,7.803,11.977,9.796,10.127,7.335,7.872,11.891,10.57,10.009,4.002,5.022,6.941,7.46,8.034,7.392,early,1752.0,1
DEMO-0265,8.54,10.993,6.896,13.211,11.629,10.045,12.077,9.909,8.076,12.335,6.554,5.028,11.475,6.575,8.735,10.71,8.439,11.339,8.798,10.714,7.924,7.48,10.762,10.767,5.5,10.989,10.052,11.286,10.842,7.471,6.839,10.283,10.025,9.999,9.873,6.989,7.093,6.902,8.936,9.594,7.902,late,3223.0,1
DEMO-0266,7.51,10.039,8.74,11.862,12.204,13.077,12.276,8.975,8.082,12.725,7.324,5.952,11.66,9.038,6.932,9.931,7.179,10.423,7.88,8.898,5.784,8.533,11.091,9.651,4.974,9.542,8.449,12.115,8.422,8.307,5.413,8.332,10.662,9.722,10.063,6.16,7.736,6.444,8.582,8.294,7.904,early,766.0,1
DEMO-0267,9.671,11.326,8.395,11.973,11.067,12.609,11.066,11.486,7.631,12.598,7.603,6.455,13.089,6.293,5.771,7.437,5.734,9.408,4.945,9.417,6.72,6.691,8.88,10.775,6.593,10.928,6.916,11.032,10.022,8.536,7.304,10.652,10.997,10.677,9.625,7.311,5.299,7.419,7.309,7.988,9.184,late,19.0,1
DEMO-0268,8.279,8.65,8.865,10.092,11.446,10.066,10.427,8.716,7.654,10.894,5.802,5.685,11.402,7.118,5.217,8.026,5.588,8.588,5.998,8.758,6.067,6.453,11.814,10.886,6.028,9.864,7.91,11.952,9.985,7.096,7.099,10.227,11.909,10.71,10.32,6.059,6.31,5.875,9.274,11.167,8.357,early,1320.0,0
DEMO-0269,7.42,7.922,7.351,9.841,10.372,9.602,8.547,10.23,9.346,13.497,9.695,7.506,13.532,8.335,5.766,8.963,6.448,10.337,5.447,9.463,7.325,7.326,10.497,12.044,7.624,11.908,6.884,11.623,9.621,6.903,5.758,7.873,8.822,9.108,8.191,7.781,8.595,6.862,8.197,9.414,9.443,early,947.0,1
DEMO-0270,5.181,7.737,6.43,11.942,10.558,8.478,9.622,9.433,6.685,11.248,6.7,6.329,10.645,6.649,7.393,8.323,6.581,9.525,5.705,9.011,7.706,7.406,10.33,11.601,6.779,8.917,9.011,12.064,10.626,7.635,5.741,9.835,13.131,11.825,11.963,7.449,7.352,6.671,7.154,9.979,8.069,late,637.0,1
DEMO-0271,7.791,10.309,7.355,10.965,12.198,9.8,11.67,9.521,7.965,10.51,6.285,5.124,12.816,6.183,7.106,8.751,7.076,10.187,5.695,9.19,7.643,7.621,9.574,12.157,7.001,12.378,6.719,11.146,10.476,9.71,7.219,8.479,10.046,10.936,9.056,5.513,6.047,6.818,8.952,10.871,8.436,early,1883.0,1
DEMO-0272,7.834,10.303,7.672,12.196,13.017,10.621,11.812,10.332,7.877,11.599,6.628,5.464,12.193,7.347,5.846,7.945,5.366,7.845,6.982,5.893,4.962,6.856,11.686,11.249,6.65,10.26,8.282,12.087,8.922,8.342,5.869,9.181,11.485,11.155,9.829,7.224,5.834,6.197,9.221,8.371,7.549,early,436.0,1
DEMO-0273,5.386,8.281,7.736,10.708,10.185,11.357,10.334,8.981,6.541,10.367,6.743,5.624,10.958,5.87,6.568,9.431,6.936,11.308,8.347,10.035,7.96,8.018,11.632,11.589,6.72,11.892,8.139,10.374,8.926,8.899,7.075,7.928,10.275,10.532,9.254,5.537,5.844,5.33,7.307,8.717,7.732,early,573.0,0
DEMO-0274,7.365,9.589,7.342,10.997,10.966,9.289,10.427,10.226,6.702,10.954,7.091,6.273,12.342,6.134,6.877,12.198,7.87,11.803,7.439,9.796,7.925,9.874,8.24,10.008,4.11,9.664,6.972,12.334,9.486,8.052,6.356,9.134,9.895,10.215,8.006,6.257,6.782,5.526,8.03,10.206,8.156,early,1450.0,0
DEMO-0275,8.387,9.729,8.11,11.573,10.557,8.184,9.834,10.946,8.465,12.679,7.67,6.567,11.86,8.574,6.716,10.363,7.057,9.411,5.879,9.539,8.268,8.062,10.433,12.4,4.741,10.607,7.752,11.878,8.591,8.461,5.25,8.33,8.934,10.965,9.942,6.004,5.762,6.464,8.889,8.387,8.052,early,732.0,0
DEMO-0276,7.012,8.772,8.34,11.361,10.231,10.522,12.765,11.709,7.025,11.776,9.271,8.198,12.527,8.958,6.608,10.65,8.028,10.361,6.568,10.786,7.225,9.201,11.244,12.134,6.643,12.113,8.732,11.629,10.785,10.608,8.234,10.849,12.01,10.748,8.854,7.194,7.925,5.979,7.939,9.694,7.529,late,425.0,1
DEMO-0277,6.057,8.765,6.394,9.889,10.491,9.221,11.329,12.36,8.275,13.566,8.723,5.835,12.497,7.118,6.598,10.416,7.798,10.534,6.409,9.499,6.815,7.788,9.754,11.144,7.285,10.649,7.815,9.942,8.102,7.881,5.652,9.86,9.897,8.033,9.307,7.152,5.532,6.472,8.933,8.793,6.37,late,219.0,1
DEMO-0278,7.365,7.362,7.266,9.044,10.809,10.572,10.715,8.14,7.37,12.15,4.771,7.077,10.231,6.234,7.125,8.693,5.954,10.483,6.428,9.016,5.593,6.85,11.869,11.816,7.157,10.12,9.077,10.427,10.455,9.408,7.37,6.84,9.788,9.138,7.216,7.253,7.29,4.4,7.991,7.15,8.937,early,3450.0,0
DEMO-0279,8.34,11.583,8.018,12.767,12.65,10.909,11.46,8.645,7.457,9.963,6.908,6.098,11.231,6.85,10.184,11.02,7.314,10.472,8.7,11.118,8.487,9.794,11.628,12.821,6.956,10.403,7.644,11.925,10.618,7.363,7.013,9.158,10.508,8.226,8.59,4.133,6.464,5.42,8.709,10.643,8.092,early,310.0,1
DEMO-0280,7.956,9.286,6.57,12.306,11.432,9.729,11.316,12.6,8.455,15.328,7.906,7.923,12.342,7.602,7.552,11.288,8.276,10.766,7.505,10.531,8.815,8.621,11.954,11.912,6.865,11.761,8.679,12.675,9.748,7.791,6.193,7.685,9.276,9.627,8.816,6.699,6.542,5.681,7.687,9.088,6.893,early,3316.0,0
DEMO-0281,6.464,8.856,7.686,9.365,10.441,8.144,11.388,10.083,6.421,13.153,7.113,7.095,12.14,7.475,6.923,10.713,6.918,12.242,7.164,10.315,9.577,8.524,10.579,12.233,7.113,11.799,8.341,10.287,9.469,9.782,8.389,9.297,10.742,10.05,8.501,7.285,5.497,6.507,9.165,9.071,7.517,late,155.0,1
DEMO-0282,5.749,8.185,6.616,9.182,9.603,8.047,9.795,12.139,7.77,14.324,7.906,8.402,14.64,8.958,10.667,13.063,8.951,11.716,9.128,12.014,8.236,10.668,10.443,12.267,6.296,10.275,7.404,11.924,8.586,9.948,6.761,11.289,10.089,11.211,9.882,6.659,4.376,6.671,8.174,9.601,7.86,late,697.0,1
DEMO-0283,7.41,9.952,8.198,11.705,13.124,11.157,11.903,9.4,6.169,11.756,6.786,5.359,10.711,6.679,5.7,10.538,6.803,9.826,6.712,9.548,7.574,8.694,12.599,12.34,7.444,11.537,8.233,11.28,10.066,7.424,6.695,10.15,10.274,11.238,10.085,6.565,6.846,4.655,7.799,9.505,8.136,early,657.0,1
DEMO-0284,6.53,6.863,7.326,9.711,9.355,7.376,10.072,9.577,8.304,11.347,6.49,5.224,10.822,6.168,6.249,8.437,7.169,9.942,6.38,12.173,7.63,9.218,11.841,11.737,5.264,9.584,10.176,11.842,9.658,8.657,6.533,9.214,8.313,8.836,7.137,8.214,6.563,5.874,7.464,9.321,7.584,early,3108.0,1
DEMO-0285,7.101,8.834,7.319,10.082,10.745,8.829,9.791,10.507,9.499,12.279,8.95,7.849,12.907,8.074,8.513,10.499,7.733,10.959,6.561,8.698,7.449,7.867,10.152,11.348,6.41,11.546,8.986,12.624,10.144,10.259,6.724,8.853,8.649,9.558,7.464,6.674,7.798,6.394,8.059,10.14,9.343,early,293.0,1
DEMO-0286,6.743,9.569,7.899,11.885,11.857,10.22,10.678,10.091,9.004,11.085,7.251,6.239,12.004,6.838,8.885,10.483,8.05,11.244,9.487,11.537,9.056,9.489,10.151,10.204,6.532,9.801,7.494,9.847,10.005,10.206,8.217,10.5,9.581,10.271,8.462,6.98,7.847,6.348,7.184,11.233,10.725,early,2123.0,1
DEMO-0287,8.054,9.762,9.17,10.35,10.707,11.083,10.289,9.087,6.281,9.988,7.578,6.769,10.885,5.437,6.271,10.142,6.929,10.016,7.636,9.629,7.736,8.867,11.481,11.483,5.879,9.798,8.315,12.557,9.929,7.497,7.399,10.367,10.317,10.403,11.429,5.994,6.213,6.204,7.015,8.932,8.654,early,4024.0,0
DEMO-0288,7.61,11.133,8.591,11.847,12.043,10.928,11.831,8.621,5.778,12.079,6.981,5.722,10.965,6.101,6.128,9.523,5.816,10.774,6.29,9.404,5.593,6.38,10.524,11.848,6.368,10.387,5.41,10.664,7.076,8.753,6.466,10.425,10.722,10.407,10.471,6.155,5.495,4.087,6.153,8.036,7.894,early,495.0,0
DEMO-0289,6.827,9.032,7.309,8.531,8.256,8.076,10.098,10.298,7.542,11.423,5.683,5.877,11.506,8.217,6.846,10.95,6.872,10.033,4.981,10.578,6.203,8.315,10.982,10.458,5.643,12.11,8.787,10.181,9.117,8.058,7.259,8.524,10.14,8.46,8.133,6.006,8.147,6.428,7.955,9.924,8.395,early,2184.0,0
DEMO-0290,7.635,11.414,5.536,10.399,10.742,9.908,9.642,10.19,8.074,13.644,8.431,6.62,11.66,7.588,5.939,12.341,7.212,9.872,7.576,9.702,8.665,8.327,9.548,9.638,5.516,10.416,6.654,11.306,9.767,8.081,7.916,6.417,8.036,7.75,8.13,6.872,6.972,6.305,8.184,8.149,8.732,early,2305.0,0
DEMO-0291,7.962,8.122,7.949,10.517,11.708,10.869,11.284,9.32,8.153,11.344,7.289,6.51,11.547,7.576,7.089,10.038,7.146,9.772,7.652,9.364,7.444,9.274,9.938,10.204,4.884,8.69,8.849,11.981,10.96,7.569,7.362,8.061,8.548,10.01,5.599,4.986,5.214,6.555,6.87,9.094,7.287,early,2627.0,0
DEMO-0292,7.747,11.35,8.33,11.95,8.372,10.501,10.768,8.938,8.996,10.605,6.013,6.868,10.96,6.67,7.713,10.032,7.173,9.673,6.633,9.568,8.63,8.23,12.408,11.984,6.601,11.33,6.499,10.235,7.637,7.84,6.64,10.211,9.413,10.259,10.047,5.784,7.707,5.918,8.699,8.935,6.786,early,638.0,0
DEMO-0293,8.022,10.247,7.83,10.004,9.773,11.244,11.473,10.072,7.041,12.444,6.716,5.672,12.737,7.258,6.763,9.393,6.785,11.842,8.918,10.381,8.336,10.002,12.394,10.563,5.717,11.171,8.305,11.552,9.291,7.294,6.636,7.568,9.658,8.582,8.642,5.186,8.548,5.636,9.061,9.002,6.595,early,3802.0,0
DEMO-0294,6.28,8.812,7.992,10.211,10.419,9.6,10.183,11.524,8.599,13.178,7.424,5.696,10.198,7.352,6.28,8.804,5.795,9.542,7.531,8.551,4.932,7.903,12.901,12.219,6.55,12.116,8.448,10.666,9.231,9.747,7.337,10.896,10.017,11.665,11.613,3.792,7.378,8.066,8.079,9.034,6.611,early,1136.0,0
DEMO-0295,7.251,10.437,7.858,12.516,10.24,11.077,13.036,9.669,6.011,11.448,5.341,4.36,10.235,4.916,6.285,10.18,7.659,11.615,5.642,9.67,7.143,8.996,9.711,10.897,6.367,10.098,8.177,10.729,10.045,6.503,3.703,9.297,10.057,10.969,9.791,6.627,8.054,6.153,7.976,8.109,7.676,early,4416.0,0
DEMO-0296,6.841,9.502,8.25,10.988,10.436,9.3,11.787,9.922,8.804,11.953,5.865,6.91,11.531,7.323,7.58,11.044,8.152,11.195,6.032,9.388,8.175,7.827,10.717,12.356,6.132,11.105,7.525,12.655,9.892,7.293,4.556,9.701,11.606,10.915,9.478,5.668,6.677,4.674,7.196,7.481,7.661,late,1303.0,1
DEMO-0297,7.794,10.105,7.676,11.07,11.993,10.121,11.439,9.642,7.705,12.405,6.283,5.368,12.009,7.107,7.43,8.942,6.445,9.693,5.435,8.99,6.982,8.078,10.886,11.61,5.556,10.108,7.084,11.34,9.323,8.421,8.356,11.087,11.292,10.813,10.959,6.52,5.877,6.675,7.057,9.602,7.98,late,1735.0,1
DEMO-0298,7.153,9.215,6.184,10.634,8.991,9.827,10.185,9.4,7.648,10.374,6.844,4.874,10.719,7.111,5.426,9.869,6.032,9.308,5.823,8.139,7.439,7.559,11.571,11.483,6.637,9.526,8.995,10.213,9.84,7.082,6.786,8.664,10.325,10.735,10.499,7.028,8.774,5.936,6.816,8.667,8.842,early,1348.0,0
DEMO-0299,8.241,8.801,7.801,11.886,11.86,9.9,13.034,8.25,7.579,11.653,6.633,5.963,12.022,6.756,8.065,10.341,7.356,10.796,7.327,10.659,7.857,7.899,10.342,11.542,4.942,10.334,7.908,12.123,9.149,10.107,7.484,9.324,11.182,10.553,8.745,5.753,8.321,5.95,8.289,9.788,8.692,early,2460.0,1
DEMO-0300,7.05,9.906,8.32,13.296,11.877,10.159,12.638,9.016,8.816,11.916,8.14,7.149,12.985,7.996,7.742,10.447,8.051,10.114,7.281,9.834,8.271,7.487,12.255,11.911,6.659,11.969,6.277,9.873,8.366,10.214,6.575,10.634,10.836,9.158,7.719,6.698,7.833,6.498,8.604,10.101,7.616,early,2876.0,0
DEMO-0301,7.26,8.63,8.312,8.861,10.872,9.893,11.18,9.425,7.29,11.573,7.382,5.47,11.971,7.191,6.315,8.148,4.703,8.706,5.937,9.613,5.801,7.417,11.73,10.78,4.039,9.896,8.265,10.476,10.178,7.442,4.837,8.818,8.45,9.218,7.601,6.618,7.514,6.083,7.822,10.433,8.114,early,1710.0,1
DEMO-0302,7.395,8.798,7.517,9.789,8.981,9.6,11.193,10.165,8.768,9.819,6.649,5.944,10.578,6.202,5.992,9.948,8.514,10.117,7.607,10.311,8.084,7.174,13.632,11.755,8.463,12.246,10.049,11.879,10.755,9.46,9.261,10.008,9.982,9.31,9.346,6.528,5.285,5.953,8.831,11.064,8.033,late,577.0,0
DEMO-0303,8.427,8.648,8.77,11.631,11.627,10.157,11.507,12.309,8.186,13.412,8.771,8.093,12.863,7.415,8.319,9.605,7.972,11.201,7.787,9.05,8.253,8.373,9.201,10.162,4.279,11.356,10.377,11.698,10.91,8.68,5.859,10.464,10.231,9.584,9.852,6.889,7.301,5.994,6.818,9.12,7.684,early,39.0,1
DEMO-0304,7.127,6.939,5.621,9.328,8.436,8.24,10.821,9.211,8.47,11.671,6.54,6.158,11.536,6.784,7.354,11.8,8.291,10.373,8.563,10.927,8.69,10.219,11.928,11.155,4.532,9.028,7.853,10.906,8.629,10.567,8.44,8.899,10.832,10.199,9.077,5.735,8.196,6.069,6.349,8.786,7.39,late,471.0,1
DEMO-0305,5.824,10.096,7.335,10.768,10.422,10.661,11.783,7.968,5.049,10.141,5.701,5.074,12.159,4.922,6.819,10.203,6.243,11.165,6.895,10.125,7.793,7.645,10.394,12.826,7.624,10.553,9.026,11.816,9.305,9.337,7.712,9.491,10.77,7.937,8.382,4.14,7.607,7.01,8.029,9.177,7.624,early,1049.0,0
DEMO-0306,7.959,10.559,6.498,11.488,12.58,9.59,12.074,9.921,7.601,13.651,8.965,6.486,11.943,7.79,7.714,8.232,6.984,9.918,7.856,9.862,6.612,6.376,11.162,11.919,5.979,10.749,7.385,9.994,8.882,5.809,6.862,9.653,10.316,9.346,8.364,6.262,7.369,6.234,8.123,7.974,8.614,early,2119.0,1
DEMO-0307,6.437,8.609,7.949,10.621,9.608,7.954,12.2,11.198,7.493,14.295,7.36,7.15,12.907,8.849,5.523,8.424,6.773,9.364,6.327,9.458,6.31,7.377,10.328,11.326,5.364,12.635,6.572,8.692,8.923,10.313,6.288,9.324,9.505,10.007,10.117,6.584,5.417,6.543,9.298,8.608,7.348,early,744.0,0
DEMO-0308,6.41,8.675,6.119,10.021,10.298,10.507,11.094,9.652,5.664,10.292,7.822,5.425,10.084,7.242,7.994,11.244,8.325,11.664,7.693,11.036,8.562,9.832,11.123,10.515,4.705,10.771,7.776,10.325,9.748,7.655,5.688,9.533,10.699,11.529,11.191,5.779,7.639,5.644,7.702,9.36,7.589,early,2146.0,0
DEMO-0309,7.049,7.857,8.555,10.984,9.419,9.673,10.048,8.498,7.862,11.722,7.268,5.592,10.948,6.857,8.611,11.147,7.614,11.771,6.909,9.815,8.209,8.847,12.51,10.799,6.994,11.429,7.932,11.175,9.557,8.59,6.354,9.25,9.169,9.688,9.14,6.798,6.437,6.591,7.648,9.388,7.787,late,1233.0,1
DEMO-0310,6.87,7.58,6.387,9.206,8.337,7.51,9.847,11.025,7.674,12.148,7.203,7.161,12.361,7.447,8.152,9.843,7.187,11.624,8.08,10.737,7.477,9.505,10.343,10.414,4.33,9.327,5.825,10.919,8.207,6.641,5.249,11.951,12.464,10.861,10.991,6.386,6.982,6.934,7.119,8.87,7.963,late,114.0,1
DEMO-0311,6.686,8.51,7.598,11.91,11.302,9.777,11.461,9.883,6.298,11.423,5.733,7.297,12.017,7.724,7.341,10.243,6.753,9.65,5.931,10.533,8.217,7.748,11.929,10.771,7.067,11.088,8.226,10.817,9.631,6.453,6.592,8.586,10.549,8.975,8.598,5.982,6.492,5.728,7.221,7.942,7.448,early,106.0,1
DEMO-0312,6.056,8.631,7.229,8.869,10.481,7.94,9.753,8.383,6.948,10.609,6.276,3.941,11.331,6.333,7.318,9.991,7.141,11.047,6.976,10.633,7.724,9.124,10.347,11.1,4.883,9.338,8.579,10.944,9.265,7.312,7.162,7.996,9.986,9.409,8.614,5.559,5.899,5.631,7.941,8.75,9.206,early,1532.0,0
DEMO-0313,7.979,9.727,8.162,11.996,10.957,11.194,9.918,9.861,5.593,9.662,6.097,5.053,10.288,6.688,7.763,10.531,7.959,10.793,6.897,10.246,6.948,9.875,11.256,12.571,8.926,10.894,7.293,11.883,9.716,6.625,6.32,10.589,11.763,10.094,10.906,7.029,6.119,5.751,5.912,8.733,7.266,early,671.0,0
DEMO-0314,6.148,8.522,6.084,11.635,10.439,9.434,11.809,11.517,10.076,13.549,8.804,8.139,12.463,7.883,6.987,8.433,7.33,9.344,7.22,9.679,7.443,8.307,11.922,11.564,7.056,10.921,8.014,11.226,9.478,6.139,5.716,8.368,9.392,9.435,7.907,6.486,6.133,5.871,7.1,7.759,8.029,early,709.0,1
DEMO-0315,6.931,7.579,7.846,9.586,10.495,9.034,11.568,11.201,6.801,12.418,7.353,5.911,11.874,6.05,6.535,8.904,5.768,11.157,6.482,7.687,6.777,7.171,13.114,12.969,8.637,11.058,7.828,10.971,9.016,7.991,5.76,9.693,9.41,8.994,6.503,6.932,7.228,6.344,7.24,9.319,7.847,late,1365.0,1
DEMO-0316,6.304,8.722,9.323,11.811,11.739,8.668,10.275,9.99,7.113,10.308,6.971,5.69,11.396,4.511,8.407,11.489,8.1,11.987,8.148,9.875,9.597,10.612,9.622,12.038,5.948,10.412,6.632,8.696,7.005,8.026,6.506,9.339,10.987,10.785,8.645,5.286,5.997,6.597,6.714,8.507,8.839,early,750.0,0
DEMO-0317,7.722,10.796,6.748,11.474,10.587,10.315,11.982,10.209,8.671,13.381,8.603,7.294,11.637,7.342,7.907,10.575,6.238,11.534,6.297,9.559,8.366,7.847,11.296,9.971,4.879,9.724,7.929,10.635,8.789,8.229,6.41,10.193,12.388,10.852,13.021,4.632,7.879,5.143,6.583,9.61,6.99,early,605.0,0
DEMO-0318,7.331,10.357,8.193,11.703,12.253,10.499,11.091,10.344,7.374,11.695,6.424,4.712,13.142,7.031,6.193,10.68,6.682,9.898,5.965,9.951,6.129,7.553,10.763,10.78,5.074,7.989,6.977,9.353,9.456,9.029,6.701,8.699,10.295,8.174,8.879,7.46,6.724,5.654,7.271,8.812,7.802,late,1451.0,0
DEMO-0319,7.555,8.795,8.267,10.161,9.467,10.126,10.338,10.175,6.505,11.292,7.38,5.868,11.589,7.168,5.812,9.001,5.149,9.16,7.057,9.344,5.988,7.244,10.76,10.466,4.601,11.368,6.619,10.997,9.094,8.624,7.052,7.112,8.455,8.776,8.117,6.901,7.201,6.119,7.085,8.189,7.991,late,728.0,1
DEMO-0320,7.508,9.454,7.303,10.868,10.253,9.89,12.711,8.837,6.073,10.365,5.485,5.636,10.353,7.398,6.143,9.52,5.361,8.689,5.43,9.324,5.801,7.617,10.552,12.275,7.365,11.206,6.515,10.565,8.749,7.377,7.113,11.462,11.073,10.911,11.236,6.217,7.203,6.012,9.476,9.365,8.564,early,696.0,1
DEMO-0321,6.018,8.807,5.527,9.491,11.196,8.213,12.23,9.334,7.669,12.482,6.647,6.656,10.899,6.855,5.961,9.874,8.578,10.703,7.076,11.333,8.644,9.379,11.625,13.597,6.418,10.166,7.378,10.798,9.489,8.079,8.469,9.142,9.801,9.444,9.835,5.444,6.405,6.252,7.773,7.655,6.392,early,572.0,1
DEMO-0322,5.776,8.594,6.737,9.233,10.032,7.035,10.188,10.041,8.301,11.82,7.404,4.652,11.949,7.868,6.27,9.088,7.425,8.482,5.644,9.26,6.794,7.141,11.07,11.007,6.466,10.14,8.832,10.916,9.518,7.197,5.852,9.445,11.261,10.891,12.061,6.161,6.386,7.691,8.34,8.242,7.137,early,1776.0,1
DEMO-0323,6.862,9.081,9.008,11.337,11.662,10.589,11.416,10.964,8.332,12.023,8.334,6.677,12.362,7.906,6.248,8.994,6.097,9.816,5.915,10.016,6.921,7.471,9.138,9.828,6.336,10.491,10.135,11.62,12.109,7.67,6.36,9.526,10.643,10.096,9.679,6.589,7.053,6.431,8.083,9.633,8.821,early,2185.0,0
DEMO-0324,6.735,8.475,6.216,10.301,9.035,9.591,10.558,8.73,6.641,11.028,7.966,5.897,12.045,6.817,8.126,10.358,6.04,9.434,8.072,9.536,7.679,8.273,11.949,11.342,6.285,10.816,7.989,11.36,9.226,7.791,7.123,10.603,11.563,11.288,10.252,6.445,6.574,7.083,7.615,8.363,6.109,early,3680.0,0
DEMO-0325,4.64,8.484,5.211,9.749,10.874,8.275,11.437,11.85,6.939,13.579,5.829,7.661,12.33,7.726,7.107,9.885,7.043,10.864,5.962,10.087,7.311,9.214,10.256,11.842,6.87,10.311,5.916,10.879,9.143,8.442,6.445,9.427,9.885,11.159,10.057,5.569,7.668,4.675,7.022,10.316,8.82,early,1634.0,1
DEMO-0326,8.116,9.996,6.383,10.091,12.133,10.387,10.359,8.755,6.916,12.533,6.013,4.8,10.586,5.83,7.741,10.036,7.725,11.251,7.122,11.348,8.307,8.362,12.063,11.316,5.88,10.841,7.364,10.778,8.528,8.179,6.183,7.61,9.401,8.924,7.058,6.245,7.12,4.845,6.952,7.83,7.225,early,3412.0,0
DEMO-0327,5.173,7.722,5.618,8.772,9.889,7.657,10.428,9.193,8.076,10.102,7.741,5.045,10.435,5.946,6.753,9.21,6.126,8.598,5.29,9.483,6.806,6.482,11.844,11.702,5.469,10.796,6.459,10.528,8.484,7.666,4.551,9.751,9.63,8.846,8.572,7.067,8.092,6.845,7.434,9.32,6.867,early,1679.0,0
DEMO-0328,6.739,9.545,8.73,11.579,12.079,12.06,12.177,10.174,9.544,11.924,7.462,8.443,11.715,9.563,6.939,8.956,4.624,9.357,6.345,10.546,6.537,8.39,10.741,12.822,5.467,11.246,7.813,9.111,8.013,7.35,7.099,11.955,10.063,10.306,10.668,6.306,7.889,7.452,7.658,10.23,10.314,early,567.0,0
DEMO-0329,6.573,8.777,6.492,10.255,10.274,8.567,10.691,9.765,8.492,12.504,8.138,7.894,12.386,6.761,7.049,10.164,7.002,10.803,7.379,10.413,7.257,8.514,11.485,11.078,7.044,10.328,6.593,10.785,9.495,9.84,7.446,12.291,11.587,11.58,9.971,6.689,7.103,6.089,8.59,9.872,9.345,early,4067.0,0
DEMO-0330,5.931,8.909,6.636,8.578,8.919,7.806,10.652,10.432,8.201,11.739,6.86,5.798,11.277,8.456,8.982,10.074,6.747,10.177,5.494,11.369,6.547,7.682,11.292,11.093,5.317,9.009,7.346,9.224,9.687,10.054,7.661,9.588,11.223,11.727,10.611,6.462,6.206,5.048,7.531,9.399,9.276,early,1695.0,0
DEMO-0331,5.788,8.211,7.599,10.09,10.443,9.511,9.397,9.426,7.25,10.325,7.19,6.598,12.219,6.667,6.892,9.618,7.755,11.621,6.584,9.374,7.17,8.659,10.695,11.796,6.452,12.216,7.097,9.824,10.552,6.281,5.698,9.908,9.602,10.592,9.121,7.248,6.241,6.363,8.186,8.499,8.816,early,1243.0,1
DEMO-0332,6.211,8.986,5.403,8.045,10.728,8.02,11.336,9.702,6.763,13.528,8.108,5.753,13.237,5.381,7.223,8.778,5.5,10.062,6.343,10.179,6.362,8.409,11.5,9.742,4.192,9.855,8.42,12.121,10.661,7.174,4.33,8.591,9.45,8.761,7.61,6.064,6.921,5.727,6.699,7.927,9.659,early,1588.0,0
DEMO-0333,8.397,9.399,7.588,11.451,11.509,9.023,10.591,8.42,7.737,10.306,5.125,6.972,11.045,7.151,6.719,8.373,5.498,9.182,6.179,8.383,6.207,6.817,11.225,10.78,5.949,9.93,8.74,10.296,9.953,5.626,5.835,11.201,11.469,11.629,9.959,6.73,5.673,5.65,7.31,8.28,8.151,early,3503.0,0
DEMO-0334,7.738,9.882,8.278,13.587,11.926,11.141,10.464,9.725,8.107,11.515,6.58,5.919,12.212,6.794,6.952,10.422,6.711,10.539,5.425,9.102,5.534,8.474,11.217,11.412,5.818,10.454,7.846,11.026,10.978,8.877,5.703,9.657,8.996,9.269,8.636,7.796,5.663,4.883,6.46,8.644,6.861,early,849.0,1
DEMO-0335,6.197,10.095,8.132,12.223,11.273,11.474,9.774,11.233,8.107,14.762,7.635,6.728,12.57,7.312,5.419,8.368,4.974,9.897,5.165,9.799,6.439,7.145,10.722,11.73,4.36,9.4,6.416,10.487,8.412,8.963,7.698,8.408,9.455,11.654,9.602,7.536,6.73,7.623,8.118,9.344,9.111,early,435.0,0
DEMO-0336,8.544,9.215,7.867,11.807,12.135,9.898,11.073,11.833,8.899,12.218,8.381,7.334,13.093,8.402,6.929,9.313,6.362,11.109,5.567,9.576,7.478,7.225,9.694,10.689,6.652,8.926,7.911,8.565,8.437,9.318,8.423,9.859,10.07,11.408,7.89,5.891,6.573,6.519,7.727,7.359,8.419,early,181.0,1
DEMO-0337,5.642,7.957,6.735,10.104,11.221,8.822,10.925,8.51,7.05,12.172,8.041,6.055,11.715,7.556,7.278,10.342,7.36,10.823,5.758,9.983,6.976,8.786,11.692,11.825,7.1,9.685,6.867,10.392,11.939,9.451,8.411,8.83,10.979,10.145,9.895,5.413,7.685,6.272,7.576,8.795,7.314,early,4004.0,0
DEMO-0338,6.404,10.434,7.033,9.175,10.034,8.112,10.694,10.405,9.795,13.194,8.8,5.912,11.686,7.24,5.409,11.277,5.855,10.216,6.443,8.208,7.281,8.858,9.494,11.397,5.245,11.435,6.384,9.138,9.284,6.29,5.334,10.321,10.846,9.818,9.036,7.112,6.326,6.528,8.043,9.448,7.444,early,1684.0,0
DEMO-0339,7.856,9.729,7.695,11.672,10.312,10.604,12.49,10.813,7.624,12.532,7.91,6.326,12.76,7.195,7.48,9.517,7.476,10.096,5.042,11.03,7.626,8.112,11.424,13.08,7.824,12.864,7.478,8.993,8.025,10.457,8.611,11.834,13.189,10.776,11.855,7.226,6.929,4.595,7.881,11.163,6.852,early,1279.0,1
DEMO-0340,7.121,8.508,6.99,11.038,11.327,9.631,10.57,9.57,7.65,11.339,6.646,5.408,10.243,7.379,7.588,10.333,4.298,8.563,5.691,9.794,5.331,6.776,10.289,11.826,5.211,10.303,7.951,9.212,7.768,10.46,6.511,11.083,12.393,12.046,8.576,5.936,5.845,5.39,6.941,10.055,8.757,early,1152.0,0
DEMO-0341,7.455,10.106,8.931,10.482,9.829,9.36,9.787,8.868,7.979,10.213,6.324,4.806,11.618,5.254,5.865,9.598,6.73,10.866,5.979,10.253,8.775,8.473,12.489,12.931,7.555,12.309,7.652,11.3,8.191,8.517,5.992,9.956,10.698,11.485,10.565,5.396,7.585,6.794,6.513,9.228,8.803,early,466.0,0
DEMO-0342,6.005,8.234,7.586,6.933,9.574,9.45,9.072,10.921,7.73,12.897,7.608,6.829,13.642,7.188,7.906,9.167,5.043,9.552,6.84,8.965,7.43,8.805,10.456,12.054,7.524,10.522,6.077,10.655,10.944,6.487,6.381,9.401,10.748,7.652,8.641,6.436,6.889,6.01,6.87,8.296,8.146,late,548.0,1
DEMO-0343,7.906,11.194,9.281,11.275,11.701,10.335,13.392,10.25,8.797,13.141,7.769,7.416,13.411,9.65,5.473,10.001,6.976,12.542,6.973,9.788,7.993,6.863,10.615,10.232,5.322,9.603,7.374,10.564,10.497,9.053,4.612,7.451,7.565,9.034,8.249,5.665,6.705,6.523,7.387,9.743,8.858,early,1951.0,0
DEMO-0344,6.525,8.258,6.512,9.028,9.266,9.692,10.205,8.676,5.96,11.11,5.759,4.848,8.676,5.86,8.612,11.792,9.251,11.633,7.809,11.006,10.663,9.389,10.92,11.365,5.306,11.24,7.817,10.263,8.786,9.391,8.647,9.431,12.298,10.709,9.618,5.26,6.555,5.413,7.39,9.887,8.776,early,1256.0,1
DEMO-0345,6.898,8.21,7.344,10.56,12.13,8.931,10.911,8.649,7.047,11.609,6.596,5.979,9.639,5.653,6.067,8.717,6.138,9.887,6.021,8.833,7.659,8.155,10.703,10.865,5.449,10.934,8.03,10.689,10.707,8.248,6.632,8.192,9.302,8.307,7.236,7.312,6.36,6.483,8.192,9.126,7.98,early,965.0,0
DEMO-0346,6.365,8.872,8.906,10.976,11.635,11.447,12.023,9.176,7.815,12.532,6.561,5.086,12.526,6.749,7.278,9.592,7.466,11.921,6.834,10.715,8.637,9.821,11.253,11.317,6.161,9.877,7.139,8.988,9.47,10.467,7.661,8.678,8.462,8.79,7.77,6.975,7.89,6.192,8.69,10.369,8.072,early,684.0,0
DEMO-0347,6.552,8.367,6.993,9.214,9.57,8.101,9.913,10.116,8.697,11.152,8.159,7.04,11.454,5.762,6.593,8.41,5.592,11.243,5.579,9.495,7.05,5.741,10.439,9.261,6.568,10.54,8.052,12.948,10.903,8.418,5.809,10.267,9.725,9.398,9.51,6.322,6.995,6.605,7.673,8.646,8.367,late,966.0,0
DEMO-0348,7.33,8.813,7.46,11.113,10.08,9.69,11.732,11.562,7.433,12.737,8.893,8.215,14.004,8.344,7.464,8.774,4.919,10.08,5.29,8.555,7.215,6.434,10.696,10.424,5.376,7.155,7.293,11.477,9.968,10.123,6.123,9.474,11.29,10.558,9.796,6.931,6.821,6.338,7.72,7.36,7.671,late,272.0,1
DEMO-0349,6.461,7.683,6.92,9.925,9.204,8.881,9.217,9.44,6.573,11.882,6.327,6.315,11.56,6.598,6.414,9.781,4.779,9.497,5.21,8.046,5.314,6.39,10.547,11.015,6.614,10.701,7.459,12.353,9.352,7.484,5.825,8.462,9.372,9.801,9.605,5.566,8.006,7.109,8.368,9.593,9.917,early,704.0,0
DEMO-0350,6.294,6.971,7.223,9.911,10.597,8.818,8.574,10.966,7.307,12.825,7.447,7.268,12.33,8.23,6.38,10.473,6.02,10.072,6.539,8.046,6.805,7.109,10.425,11.057,6.762,10.468,7.612,10.887,9.044,8.735,5.853,10.272,12.251,10.746,10.392,9.68,6.593,6.085,8.227,8.511,8.63,late,514.0,1
DEMO-0351,4.288,6.83,6.301,7.866,8.959,8.306,9.26,10.072,5.815,13.006,9.116,4.942,12.252,6.048,6.823,10.991,8.733,11.533,7.491,10.85,7.759,9.218,11.306,11.859,6.898,12.319,5.666,10.293,8.446,7.637,5.159,9.802,8.403,10.04,8.645,5.994,6.057,6.096,6.212,10.254,7.305,early,1297.0,0
DEMO-0352,6.515,9.973,7.326,10.972,11.198,9.95,13.076,10.242,7.871,12.643,6.676,6.757,12.923,7.971,6.694,10.179,7.304,9.805,6.185,10.12,7.084,8.624,11.886,13.503,5.872,11.456,8.426,11.975,8.827,7.682,5.994,10.519,11.952,12.79,9.527,5.836,4.824,6.131,6.134,8.773,8.311,late,230.0,1
DEMO-0353,6.618,8.025,5.913,9.432,9.991,8.453,10.137,8.876,7.414,11.341,6.549,5.359,9.321,3.929,7.342,10.563,7.838,10.147,7.846,10.449,8.621,8.428,10.894,11.325,5.04,11.565,7.164,11.574,9.896,6.629,4.868,9.027,9.395,8.339,10.099,6.327,5.765,6.93,7.138,8.94,8.488,early,1556.0,1
DEMO-0354,5.679,8.796,6.417,10.257,9.082,9.156,11.248,11.098,7.197,11.496,7.512,6.56,11.088,6.004,7.054,10.284,6.602,9.699,5.473,9.46,5.669,6.711,11.892,12.05,8.989,11.29,7.707,12.212,10.113,8.236,6.348,8.738,9.746,10.214,9.494,6.035,5.965,5.525,6.971,9.499,8.12,late,127.0,1
DEMO-0355,6.789,10.002,7.332,10.908,11.753,9.39,9.156,7.931,6.49,10.021,5.878,6.43,10.495,5.998,7.659,11.593,7.894,11.304,8.244,9.661,8.338,8.867,9.99,10.853,5.22,11.006,6.977,11.061,8.798,6.603,4.559,8.87,8.565,9.856,8.779,7.043,6.568,5.257,5.837,9.409,7.427,early,1137.0,0
DEMO-0356,7.124,9.982,6.795,13.271,11.579,9.7,11.091,8.736,6.211,11.228,7.646,4.529,10.201,5.55,6.798,9.666,7.491,9.257,6.866,9.367,7.26,6.535,9.527,11.775,8.469,10.447,8.13,9.49,9.793,10.476,8.044,11.181,11.857,11.382,11.096,6.209,6.589,5.897,6.945,9.441,6.616,early,377.0,1
DEMO-0357,8.243,10.456,8.987,11.144,12.16,10.261,12.864,10.281,7.585,10.021,4.939,5.045,10.166,7.048,8.161,9.905,7.423,10.694,8.216,10.637,8.228,9.615,10.046,9.622,6.059,9.564,7.945,10.981,9.394,9.721,6.369,8.867,9.502,10.724,9.224,6.513,7.047,6.05,7.69,7.244,7.721,early,678.0,1
DEMO-0358,7.968,10.329,7.762,10.278,10.626,10.288,11.961,11.108,7.843,13.026,6.536,6.097,12.013,6.213,8.348,11.592,8.882,12.244,7.358,10.104,7.585,9.944,11.622,9.863,4.7,9.73,7.611,11.83,11.321,7.693,4.737,8.331,9.684,7.889,7.131,7.947,7.132,6.23,7.832,9.412,7.705,early,476.0,1
DEMO-0359,7.287,9.724,7.983,11.211,11.081,10.231,10.151,9.483,7.074,10.239,5.481,4.538,9.421,4.424,6.393,10.292,6.845,9.934,6.212,7.84,7.24,8.19,11.22,11.499,6.407,10.655,6.539,10.755,9.005,7.549,5.863,8.777,10.191,10.835,9.573,7.103,7.839,5.84,8.014,9.683,6.66,early,911.0,0
DEMO-0360,6.49,9.453,7.191,10.168,10.965,8.92,9.633,11.147,9.03,12.838,9.291,7.785,13.804,7.661,6.221,7.24,4.566,9.278,4.952,9.465,7.188,7.129,11.283,13.571,6.304,9.893,8.326,10.319,9.205,8.538,6.398,8.716,10.446,9.764,9.986,5.914,6.99,5.851,9.293,8.624,8.214,early,613.0,1
DEMO-0361,8.268,8.937,5.663,11.023,11.038,9.477,10.175,11.294,8.594,12.54,8.481,6.827,12.326,8.048,7.596,11.128,7.333,11.248,8.399,12.062,9.811,9.996,10.395,10.97,5.593,11.145,8.313,11.528,9.221,7.308,5.611,12.47,12.931,11.36,10.462,7.368,6.333,6.855,7.579,8.918,7.508,late,720.0,1
DEMO-0362,6.493,10.098,8.553,11.617,11.306,8.895,10.409,9.475,5.924,10.371,5.515,5.915,9.591,5.86,7.803,9.026,5.724,9.874,6.167,8.349,6.72,7.563,10.445,10.88,5.428,9.696,8.482,12.07,10.845,10.886,7.145,9.832,9.502,8.907,8.13,6.186,5.929,6.8,7.87,8.282,9.78,early,1978.0,0
DEMO-0363,6.819,9.935,7.911,11.443,11.889,9.959,11.929,8.886,5.149,9.305,4.903,3.863,9.675,4.811,7.36,9.729,7.068,8.891,6.283,9.268,5.817,6.644,12.109,11.182,6.516,11.246,8.644,11.579,9.477,9.494,9.746,7.931,8.857,9.423,7.402,6.452,7.195,4.637,6.913,8.705,9.271,early,2439.0,0
DEMO-0364,7.773,9.831,7.385,10.69,10.935,10.217,11.477,8.392,6.53,9.542,6.206,4.39,10.537,5.66,5.885,8.685,5.149,10.007,6.53,9.512,7.08,7.497,11.418,9.899,5.101,9.692,7.624,11.345,11.471,7.444,6.959,7.346,8.219,7.683,7.759,5.062,6.523,7.279,8.807,8.333,6.808,early,2132.0,0
DEMO-0365,7.034,8.985,6.749,9.299,9.803,9.213,11.36,10.514,6.478,12.722,7.32,7.479,12.505,7.137,6.192,9.352,6.463,10.249,7.099,9.205,7.0,9.8,11.682,9.627,4.728,9.427,8.324,14.382,11.101,8.469,5.139,8.418,7.645,7.802,7.875,6.46,5.216,5.224,8.552,8.406,7.3,early,1045.0,0
DEMO-0366,5.812,7.06,7.513,10.025,9.685,8.22,10.476,9.399,6.284,10.209,6.619,6.336,10.561,4.6,6.991,10.919,7.727,10.084,6.754,10.311,8.041,10.041,11.426,9.675,3.387,9.487,8.486,12.366,10.421,8.713,5.985,11.405,10.026,11.176,9.881,6.121,4.989,6.172,7.562,8.346,8.682,early,242.0,1
DEMO-0367,5.73,7.039,6.366,10.2,10.095,7.737,9.32,10.616,9.121,11.957,8.517,6.595,10.874,8.116,7.104,11.18,8.418,9.434,5.452,10.469,7.327,8.759,10.42,12.222,7.688,11.086,6.807,8.565,6.6,8.46,7.391,12.506,11.545,11.306,10.313,6.927,7.558,7.31,7.603,10.551,7.884,late,508.0,1
DEMO-0368,7.73,7.52,8.378,8.77,9.248,7.942,10.527,8.363,9.226,12.128,6.874,6.581,9.806,8.523,7.441,11.32,5.99,10.543,6.621,9.744,7.254,8.553,13.316,13.076,7.711,10.958,7.676,10.39,9.384,10.335,8.069,8.993,11.945,9.669,9.211,4.626,8.12,6.842,7.754,9.874,8.544,early,2108.0,1
DEMO-0369,7.02,9.418,8.38,9.829,9.412,9.497,9.962,10.813,8.621,13.786,7.556,6.589,12.511,8.022,9.034,9.83,7.341,9.365,7.011,7.399,6.405,9.27,10.802,12.021,4.725,11.759,6.648,10.254,8.619,6.708,6.913,9.665,10.229,10.432,10.319,7.345,6.56,6.298,7.911,9.319,7.543,late,618.0,1
DEMO-0370,6.871,7.879,8.022,9.738,10.161,7.734,10.911,9.768,7.717,12.559,7.994,6.938,11.644,6.79,7.256,10.589,6.032,10.63,6.362,11.733,8.304,9.142,11.73,11.135,6.058,10.653,7.699,9.714,9.244,10.731,7.829,7.869,10.344,10.302,7.768,5.698,6.159,6.912,7.339,8.652,8.564,early,1243.0,0
DEMO-0371,5.217,9.194,7.661,10.225,10.184,9.993,10.554,8.948,6.093,11.845,6.336,5.471,10.6,6.085,7.675,13.072,8.517,12.578,8.694,10.182,8.729,10.464,11.925,10.608,5.654,10.705,7.614,10.365,9.078,9.97,8.366,10.534,11.336,9.963,9.921,6.162,7.493,5.206,7.199,8.993,6.706,late,90.0,1
DEMO-0372,6.67,11.269,8.585,10.672,8.47,10.671,10.315,9.261,8.498,11.187,7.114,6.41,12.775,6.866,5.944,8.789,6.085,9.579,4.983,8.544,5.556,7.022,11.027,10.273,3.863,9.186,6.727,9.822,7.28,7.662,6.063,7.509,8.893,8.093,8.538,7.256,5.453,6.618,8.182,9.148,8.559,early,1468.0,1
DEMO-0373,8.32,10.702,6.853,11.615,11.063,9.56,10.731,9.046,7.195,11.957,6.822,6.888,12.006,6.875,7.483,11.067,7.718,11.928,7.125,11.002,9.317,9.424,12.145,10.431,7.418,10.221,8.744,11.596,10.077,8.972,8.083,8.99,8.632,9.225,8.244,6.424,7.179,6.489,8.71,10.524,8.989,early,1862.0,0
DEMO-0374,8.212,7.044,6.834,8.778,10.321,8.951,10.219,10.619,8.397,12.602,7.121,6.724,11.72,8.417,6.517,12.771,7.325,10.49,5.975,10.16,7.44,7.544,11.525,11.163,5.432,11.712,8.572,11.031,9.137,9.032,8.092,10.277,10.748,9.472,8.121,6.569,7.708,7.21,7.182,9.34,8.869,early,1231.0,1
DEMO-0375,8.08,8.664,8.561,10.372,11.63,10.906,10.527,12.516,8.542,13.161,8.185,8.071,12.743,7.846,7.309,9.791,7.293,10.779,6.956,8.561,8.589,9.298,10.08,11.943,5.965,10.096,8.303,11.428,9.576,8.05,5.673,11.68,11.533,11.922,10.396,5.754,6.497,6.185,8.549,8.645,8.529,late,1359.0,1
DEMO-0376,7.636,8.965,7.098,11.378,9.829,8.342,11.324,9.142,7.261,10.021,5.265,4.818,11.061,5.815,6.598,7.51,6.698,10.112,5.508,10.013,5.842,6.931,9.835,12.872,5.873,10.026,9.138,11.04,10.778,7.742,6.466,9.438,12.335,11.739,9.774,4.558,6.341,5.728,8.276,9.425,9.2,early,3936.0,0
DEMO-0377,6.412,8.628,5.38,8.37,10.621,9.735,10.031,8.821,5.136,8.342,3.4,3.707,10.067,5.33,7.342,10.504,6.638,10.694,7.28,8.202,6.166,8.978,10.746,11.335,5.691,8.741,8.648,11.174,9.414,7.343,5.647,11.012,12.872,11.007,9.642,6.537,5.421,7.812,7.44,9.754,8.827,early,3636.0,0
DEMO-0378,7.769,9.917,7.243,9.876,10.529,9.132,10.49,9.888,7.914,13.06,10.129,7.045,12.079,7.439,9.086,9.414,7.285,10.701,7.419,9.418,7.383,8.696,11.57,12.21,6.401,11.411,7.867,9.427,9.746,6.873,6.461,12.351,12.092,12.421,11.798,7.737,7.089,6.791,8.182,8.69,8.15,late,388.0,1
DEMO-0379,5.875,10.234,6.704,10.455,10.692,9.509,11.974,11.747,7.954,13.115,8.011,6.714,13.889,8.57,7.113,10.031,6.509,9.868,6.458,10.133,7.496,7.893,10.354,9.773,3.566,11.141,7.991,11.424,8.752,7.725,6.692,11.053,9.315,9.617,11.53,7.11,7.891,6.357,8.081,9.898,7.879,early,266.0,1
DEMO-0380,5.728,7.714,7.094,10.515,10.139,6.672,11.025,9.213,8.685,12.862,6.903,6.518,11.341,7.612,8.01,10.742,8.096,10.696,7.436,10.964,7.798,10.45,11.161,9.375,5.65,10.097,8.07,9.622,8.966,7.943,6.531,11.764,11.821,13.369,10.652,7.114,6.166,6.301,6.651,10.165,7.531,late,562.0,1
DEMO-0381,7.375,11.393,7.352,12.614,10.096,10.473,11.795,9.702,7.462,12.489,7.45,5.284,10.883,6.168,7.325,9.678,5.843,9.092,6.433,9.981,7.341,6.116,11.899,11.431,8.139,11.49,8.261,11.093,8.994,10.061,9.072,10.18,12.113,10.874,11.585,6.064,5.835,6.64,7.457,8.179,9.117,early,842.0,1
DEMO-0382,7.338,8.3,6.613,10.923,9.606,7.334,11.121,10.082,8.234,12.357,6.765,6.564,11.818,7.791,7.958,10.409,8.906,11.286,8.395,10.286,7.968,9.968,11.972,10.275,5.646,11.668,7.642,10.782,8.945,8.772,7.413,9.325,9.575,9.956,9.146,6.839,6.63,6.212,7.764,8.796,7.878,early,1973.0,0
DEMO-0383,6.592,9.062,7.47,11.399,10.328,8.816,10.161,10.663,9.174,13.466,7.766,7.227,13.005,8.942,6.158,7.609,6.809,10.099,4.956,8.549,6.598,7.114,11.953,14.202,7.451,13.031,8.056,11.281,9.525,9.368,7.986,11.626,12.325,11.018,11.126,7.571,6.829,6.552,7.236,9.159,8.047,late,92.0,1
DEMO-0384,7.047,9.825,7.386,9.675,9.485,9.441,10.719,10.976,8.146,13.092,8.296,6.199,10.164,9.185,5.23,8.755,6.077,8.361,6.104,9.894,7.225,7.894,12.302,12.873,6.473,10.582,7.368,10.473,9.079,7.277,5.632,11.391,10.167,9.406,9.265,5.876,6.608,5.642,8.534,8.149,8.202,early,48.0,1
DEMO-0385,8.351,12.591,8.214,12.699,11.506,11.007,9.661,8.99,7.988,10.22,5.732,5.904,11.912,5.371,6.531,7.874,6.153,7.422,5.154,8.941,6.253,6.325,12.02,12.867,8.034,12.415,7.788,10.739,10.948,9.255,7.679,9.685,10.818,11.353,10.718,5.601,7.168,6.028,7.019,9.108,7.305,early,1219.0,0
DEMO-0386,6.369,9.687,6.956,11.684,11.197,9.467,11.688,8.881,8.41,11.406,8.105,4.737,10.969,6.957,7.95,9.535,7.889,10.292,6.33,10.056,7.035,8.648,10.517,13.162,6.334,11.051,5.905,9.278,8.078,6.562,6.137,7.339,7.027,8.856,7.411,7.672,7.46,7.835,6.928,8.125,7.189,late,1929.0,1
DEMO-0387,8.211,10.768,7.77,10.001,10.066,10.181,11.487,9.997,7.293,10.855,7.52,5.705,10.964,4.907,6.478,8.952,7.282,9.103,5.895,9.501,6.417,7.193,10.135,11.126,6.699,8.867,7.193,11.361,8.747,7.467,6.553,7.776,10.465,9.52,8.536,7.386,6.038,4.856,8.607,8.847,7.244,early,547.0,0
DEMO-0388,7.562,9.679,7.5,9.629,11.108,8.987,10.187,10.199,9.325,12.396,7.112,6.291,11.853,7.287,6.196,8.998,5.935,9.802,6.027,9.203,6.654,8.274,11.503,11.947,8.063,11.347,9.161,12.218,11.393,7.931,6.449,9.52,9.877,9.701,8.297,7.393,5.715,6.163,8.312,8.842,7.932,early,2604.0,1
DEMO-0389,7.737,10.01,7.173,12.46,11.116,11.928,11.592,10.563,7.538,13.14,7.677,7.763,13.538,8.833,6.564,11.352,7.808,11.678,8.702,10.92,7.236,9.645,10.792,11.142,5.19,8.856,7.672,10.476,8.968,7.645,5.965,10.709,10.478,10.32,10.348,6.335,7.438,5.039,6.985,8.255,6.402,late,77.0,1
DEMO-0390,8.861,9.836,7.636,10.695,11.677,8.703,11.752,9.122,7.335,11.411,5.089,5.319,11.169,6.414,9.144,12.279,7.801,10.89,7.838,10.452,7.22,9.602,10.28,10.92,3.723,9.172,7.851,9.604,7.64,8.262,6.861,9.981,10.244,10.376,9.385,5.746,6.27,6.798,7.499,9.583,7.981,early,1596.0,0
DEMO-0391,5.64,7.822,7.883,10.082,10.046,10.729,10.246,6.947,7.297,11.516,5.493,6.6,11.038,6.516,7.134,8.992,7.452,10.416,7.008,9.485,6.601,7.676,12.143,10.832,6.213,11.232,8.02,10.241,10.61,8.336,7.08,9.107,10.041,9.034,8.652,5.771,6.866,7.35,7.664,8.583,7.586,early,2501.0,1
DEMO-0392,7.306,9.195,7.968,9.578,12.176,9.825,11.504,10.065,8.016,10.589,8.122,6.558,12.309,7.604,8.382,10.819,8.893,10.911,9.065,11.945,8.259,10.377,12.813,11.436,6.311,11.45,7.826,13.326,9.285,6.67,5.981,10.187,8.909,10.075,8.619,6.857,6.267,5.497,6.385,9.376,7.572,early,2995.0,0
DEMO-0393,7.388,7.667,7.432,9.512,9.835,9.543,9.726,8.5,7.267,11.449,6.249,4.936,11.477,7.109,7.754,9.576,8.196,10.083,7.449,9.768,7.583,10.213,11.17,11.902,6.064,12.018,9.459,11.558,9.117,10.34,7.982,9.525,9.55,7.618,9.287,6.613,6.966,5.873,7.375,8.199,8.887,early,2153.0,1
DEMO-0394,5.445,7.727,4.947,8.931,9.782,7.529,8.534,9.502,8.142,11.914,7.068,5.659,10.884,7.313,7.677,8.992,8.13,10.546,7.122,10.601,8.304,7.866,12.728,12.713,5.968,11.327,8.491,11.682,11.576,9.137,7.75,9.497,9.169,10.003,8.474,5.176,5.714,6.021,7.77,7.76,7.225,early,2353.0,0
DEMO-0395,5.423,7.579,8.069,9.589,11.356,8.468,11.032,9.034,6.584,10.322,7.368,5.151,10.851,5.699,7.078,9.212,5.394,9.601,5.944,9.924,7.18,6.703,11.003,9.953,6.272,9.898,8.442,12.397,10.567,9.015,7.885,9.014,10.049,10.542,9.375,6.412,6.357,6.622,6.795,9.543,8.662,early,1589.0,1
DEMO-0396,6.357,8.906,6.497,8.789,10.665,9.385,9.606,11.013,8.16,11.453,7.122,7.344,11.19,7.79,4.831,8.788,4.933,9.37,5.053,7.124,7.302,6.402,10.066,10.345,6.275,11.04,8.324,10.626,8.308,10.569,7.735,11.687,10.601,10.55,9.736,7.653,8.232,7.042,8.673,9.671,8.496,early,623.0,0
DEMO-0397,5.603,7.611,7.268,9.222,9.932,8.972,11.38,8.959,7.263,11.297,7.654,5.647,10.887,6.963,6.597,10.205,6.762,9.772,7.406,8.351,8.074,8.887,10.408,11.018,8.377,10.988,7.861,10.891,8.876,9.685,7.538,10.311,8.929,9.291,8.111,6.117,7.377,5.848,7.79,8.356,8.308,early,1454.0,0
DEMO-0398,6.744,7.214,6.029,8.944,9.894,9.217,10.439,11.043,8.16,10.676,6.951,5.014,11.068,6.195,6.571,10.716,7.881,11.442,7.868,8.528,6.473,6.639,12.117,13.152,6.886,11.26,7.009,11.914,10.622,5.869,4.496,11.065,11.31,10.989,8.607,6.837,5.558,6.65,8.668,8.767,7.895,early,1341.0,1
DEMO-0399,7.761,7.617,7.154,9.585,10.572,10.415,11.569,9.726,6.981,10.077,7.585,6.376,10.775,6.718,7.095,10.223,7.44,10.338,5.108,8.671,5.143,6.593,12.166,10.467,6.363,11.855,7.002,10.26,8.337,7.068,6.057,7.706,8.713,9.751,8.138,4.266,6.341,6.354,7.305,9.146,8.265,early,3910.0,0
DEMO-0400,6.348,9.358,8.699,10.223,10.132,9.475,10.927,9.577,8.197,12.007,7.45,6.98,12.479,7.024,5.954,9.054,5.784,10.804,4.617,8.58,6.478,7.274,10.773,11.416,8.278,10.991,8.029,10.01,9.483,8.841,8.319,10.604,10.007,11.514,10.69,6.73,6.783,5.92,8.39,9.866,7.293,late,424.0,1
DEMO-0401,6.713,7.627,7.407,9.572,11.009,9.207,11.085,9.691,7.659,11.349,6.481,6.092,10.869,5.367,6.873,9.467,5.762,9.099,6.562,10.145,7.194,7.406,12.314,11.229,7.299,13.514,7.802,11.026,9.898,7.836,4.945,10.127,11.07,10.267,9.294,5.777,6.319,5.656,7.409,10.879,8.065,early,1774.0,0
DEMO-0402,5.693,9.338,8.181,10.892,10.149,10.525,12.37,11.28,6.934,11.879,7.068,5.223,12.05,5.042,6.943,9.265,7.236,11.888,6.394,10.44,8.212,8.899,11.018,12.16,7.579,12.019,7.895,11.502,11.689,8.013,5.632,10.494,10.242,9.788,9.205,5.484,6.773,7.372,7.216,9.333,8.527,early,276.0,1
DEMO-0403,4.198,8.195,6.542,9.591,9.432,7.213,10.627,10.829,8.624,12.947,7.586,8.124,11.306,7.105,8.233,12.075,7.255,10.709,7.387,9.915,7.755,10.028,12.455,11.699,7.549,11.907,7.531,12.062,7.321,9.917,6.049,10.442,11.363,10.345,9.919,6.484,6.308,7.325,8.368,9.41,8.246,late,2794.0,1
DEMO-0404,7.151,10.542,8.957,11.804,11.646,11.129,11.927,8.639,8.494,10.759,6.671,6.327,12.066,7.222,7.902,10.994,5.743,11.079,7.563,9.465,8.349,9.762,10.953,11.914,5.251,11.966,8.282,11.579,11.404,8.518,5.518,8.243,9.147,9.895,9.665,6.523,6.909,6.772,6.804,9.632,7.892,late,309.0,0
DEMO-0405,6.299,7.422,5.258,10.948,11.172,9.486,9.975,9.014,7.407,10.808,6.847,6.709,11.814,6.802,6.973,8.99,7.619,9.464,5.976,9.225,7.215,8.574,14.268,12.636,8.49,12.835,5.416,10.532,9.111,7.033,6.538,7.99,8.989,8.4,8.319,5.237,6.957,6.45,7.71,8.963,8.219,early,390.0,1
DEMO-0406,5.532,6.893,5.43,8.72,10.355,8.019,9.45,10.218,6.145,10.24,7.627,5.371,10.709,5.856,6.587,9.341,6.361,10.95,5.464,9.9,7.34,8.924,11.469,11.754,4.804,9.379,7.41,10.244,8.668,7.401,6.427,7.26,8.352,10.132,6.79,5.265,7.494,4.415,6.978,9.449,8.112,early,396.0,0
DEMO-0407,7.951,10.704,8.267,11.973,12.5,11.015,12.294,10.334,7.108,11.502,7.599,5.275,11.979,7.961,9.34,10.215,8.191,11.098,7.97,10.603,9.67,8.798,12.862,13.917,7.099,12.519,7.45,9.624,9.505,7.25,6.408,8.8,9.278,8.907,8.423,5.335,7.539,6.626,8.133,7.148,8.24,early,4150.0,0
DEMO-0408,6.12,9.633,6.338,10.332,10.018,8.549,10.043,10.618,8.128,12.608,8.776,6.014,13.265,7.073,7.351,8.893,7.094,10.289,6.207,8.848,7.05,5.789,11.63,12.572,5.511,10.402,6.666,11.198,10.68,7.688,4.76,9.519,10.177,9.617,9.159,6.125,6.164,6.803,6.571,8.033,7.553,late,2316.0,1
DEMO-0409,6.899,10.477,8.912,12.936,10.574,10.145,11.121,9.481,6.517,11.022,6.289,6.735,10.366,8.428,8.02,9.351,6.998,9.032,7.571,10.038,8.362,7.976,11.27,9.944,4.257,7.729,8.218,11.695,8.96,9.191,6.569,11.37,12.254,10.471,10.757,6.843,6.468,5.203,7.922,7.877,7.17,early,50.0,1
DEMO-0410,7.682,9.744,7.307,9.978,11.26,11.112,10.228,11.211,9.227,13.981,7.32,7.589,10.907,7.845,6.951,10.057,6.509,9.891,5.169,8.89,6.562,8.51,10.499,11.955,6.822,9.482,7.039,11.598,9.148,6.754,6.928,9.676,10.261,8.977,10.372,7.941,6.938,5.965,7.706,10.592,8.399,late,1169.0,1
DEMO-0411,6.134,10.453,7.989,10.807,11.224,10.004,10.308,11.483,7.964,14.103,8.558,7.355,14.001,6.471,6.786,8.686,4.849,9.429,6.025,8.998,6.701,7.743,11.736,11.317,6.371,10.685,6.476,10.041,7.791,11.56,9.424,8.116,10.136,8.623,7.041,5.328,7.363,7.889,7.466,8.94,7.735,early,1988.0,0
DEMO-0412,8.657,9.264,7.527,10.817,10.594,9.481,11.475,11.286,6.564,10.966,7.332,5.473,12.143,8.215,6.593,9.247,6.476,10.585,6.244,10.13,6.638,7.798,9.185,9.779,4.285,9.66,8.826,10.674,9.454,8.006,6.995,9.235,10.375,10.602,10.769,6.903,6.118,6.665,9.036,10.068,8.685,early,1094.0,0
DEMO-0413,6.761,10.006,8.266,10.883,10.635,9.804,12.281,10.535,9.119,11.814,6.949,8.349,12.423,6.605,7.309,10.234,6.375,11.624,7.415,9.102,7.753,10.952,10.574,12.076,5.158,10.754,7.71,10.279,9.974,7.97,6.168,8.094,9.85,9.47,8.6,6.205,7.12,5.734,5.963,8.602,7.294,early,2061.0,1
DEMO-0414,6.682,9.172,8.064,9.531,10.204,8.948,10.479,10.289,7.267,11.808,6.55,6.167,10.803,8.466,8.016,10.555,8.729,11.024,7.799,10.021,8.084,9.429,8.869,10.294,3.69,9.39,6.523,11.163,9.141,6.826,7.442,8.954,10.156,9.16,9.103,6.443,7.401,7.189,6.93,8.065,9.36,early,4042.0,0
DEMO-0415,6.284,7.598,6.155,9.229,11.061,8.254,10.654,9.816,8.126,12.036,8.078,5.602,13.319,7.509,8.11,9.106,6.786,11.193,7.021,10.058,7.729,7.891,13.886,11.866,8.137,12.534,8.609,9.758,7.871,9.25,7.373,10.245,11.085,9.793,9.224,7.749,6.012,6.104,7.195,9.349,6.963,late,1083.0,1
DEMO-0416,7.442,9.259,6.719,11.985,11.084,11.579,11.403,9.706,7.394,12.774,8.278,6.316,13.09,6.494,5.161,9.022,5.116,9.209,5.531,6.723,4.996,6.893,11.067,10.855,5.898,10.957,7.257,11.206,11.482,9.26,7.005,9.027,10.552,10.207,8.99,6.347,7.15,7.081,8.352,8.597,8.209,early,2618.0,1
DEMO-0417,5.392,8.62,6.58,9.809,11.446,8.259,9.732,8.741,3.614,10.375,6.278,4.318,10.322,3.889,8.068,9.52,8.095,11.559,7.738,10.348,7.376,8.86,11.135,11.217,6.667,12.079,8.299,11.562,10.784,9.3,7.196,9.205,10.133,9.548,10.538,6.581,7.182,6.674,8.225,9.082,7.824,early,1660.0,0
DEMO-0418,5.412,8.031,7.337,10.669,10.125,9.364,10.648,9.032,7.411,12.284,7.463,6.84,11.293,7.509,5.478,7.972,4.844,10.529,6.987,8.996,5.126,5.696,11.353,11.936,6.909,10.556,5.372,9.704,7.28,7.405,6.5,9.173,9.788,10.102,8.812,7.539,6.622,6.194,8.277,8.068,6.074,late,459.0,1
DEMO-0419,6.926,11.132,7.436,11.818,11.4,9.674,9.97,7.895,6.204,10.621,5.627,5.326,10.56,5.748,6.897,12.701,8.103,12.768,8.099,10.473,9.174,9.504,9.828,11.257,5.521,10.808,6.632,10.665,8.741,6.66,5.425,11.419,10.092,10.535,7.167,6.11,5.834,5.937,7.127,8.858,9.31,early,3770.0,0
DEMO-0420,7.697,9.94,6.409,10.996,11.455,9.002,9.704,8.606,7.096,11.904,6.69,6.992,9.934,3.765,6.314,8.91,7.348,10.255,6.145,12.198,8.201,8.519,11.161,10.581,3.687,9.09,8.888,11.916,9.344,8.743,8.621,10.566,12.351,10.711,10.153,7.438,6.812,6.029,7.671,9.15,7.565,late,2385.0,0
DEMO-0421,7.272,8.32,6.68,9.634,11.34,9.923,10.79,10.348,7.697,12.746,6.691,5.19,10.15,7.219,6.851,9.77,6.216,10.934,7.438,10.57,8.172,8.62,9.565,10.346,4.895,8.784,8.84,10.755,9.921,8.281,6.905,9.468,9.793,9.237,8.303,6.841,6.417,6.052,7.011,9.209,10.143,early,3230.0,0
DEMO-0422,6.862,9.246,7.428,10.611,10.002,10.141,10.23,9.806,7.583,12.142,8.159,6.798,11.985,4.944,8.364,10.955,8.203,10.271,7.516,10.027,9.515,8.693,11.567,12.613,5.029,10.722,7.775,10.912,10.316,8.834,7.176,9.235,9.032,7.959,8.381,5.322,5.933,5.901,6.565,8.75,8.832,early,3434.0,0
DEMO-0423,7.331,8.956,9.534,9.413,9.804,8.172,11.004,10.59,6.953,11.332,6.745,5.998,10.361,5.787,7.446,9.646,6.405,9.091,6.511,9.989,6.018,7.875,13.064,11.389,6.599,11.063,6.157,10.196,7.107,10.339,7.43,9.305,9.069,8.892,8.527,4.894,6.618,5.66,9.541,10.429,8.991,early,1122.0,0
DEMO-0424,7.203,10.559,8.619,11.78,11.313,9.175,11.487,10.859,8.177,11.504,7.379,7.019,10.368,7.118,6.844,10.147,6.501,10.578,8.12,9.465,7.726,6.701,11.12,10.904,4.572,11.275,7.763,8.692,8.645,8.448,6.441,9.131,10.171,10.918,10.795,7.659,8.506,6.761,8.213,8.863,6.382,early,3174.0,0
DEMO-0425,7.985,11.525,8.664,12.713,11.656,12.173,13.83,9.603,7.362,12.354,7.995,7.386,12.395,8.228,6.857,10.201,8.62,11.206,6.787,8.736,6.987,6.661,8.921,11.022,3.772,10.593,7.215,10.668,9.064,7.902,6.911,8.838,11.456,9.187,9.624,7.554,6.042,5.248,7.832,9.229,8.473,late,1618.0,0
DEMO-0426,7.064,8.92,9.397,9.026,9.479,7.723,8.52,9.602,7.642,11.95,5.706,6.183,11.024,7.341,7.819,10.798,7.231,10.864,6.523,8.682,7.034,8.97,10.758,11.762,5.392,9.784,7.931,11.077,9.035,6.709,5.076,8.644,11.461,10.763,8.338,7.587,6.506,7.886,7.687,8.388,6.99,early,126.0,1
DEMO-0427,7.704,10.939,7.88,12.083,12.278,12.417,10.393,9.797,7.367,11.878,9.12,6.866,10.699,7.807,6.525,9.691,7.635,9.537,6.617,9.554,8.592,7.669,11.437,11.96,7.746,9.779,7.077,11.255,9.58,7.06,6.328,8.755,8.505,6.838,7.451,6.088,6.599,5.82,6.95,9.544,8.412,late,1235.0,0
DEMO-0428,6.839,9.188,6.478,8.709,9.863,8.766,11.273,9.222,8.086,11.449,7.921,7.505,13.221,8.006,7.082,9.612,6.042,10.65,6.993,9.827,7.104,9.002,11.604,12.264,7.935,10.822,6.972,10.592,7.857,8.346,5.421,11.725,11.396,10.8,10.427,5.595,5.833,5.549,6.501,9.503,8.124,early,741.0,1
DEMO-0429,6.226,9.801,6.907,9.025,11.476,7.977,9.632,11.343,9.948,13.095,9.054,6.768,11.374,10.209,4.922,8.635,4.237,7.762,4.479,7.037,4.526,5.626,11.214,10.117,6.165,10.327,7.856,9.629,9.274,9.153,8.056,9.314,10.134,10.295,7.915,6.044,6.82,5.347,6.653,9.295,7.74,early,2228.0,1
DEMO-0430,7.254,8.43,8.007,10.815,10.472,10.465,12.05,7.929,7.76,9.289,4.642,5.792,9.154,4.766,5.71,9.745,7.48,9.395,5.91,10.553,7.84,7.66,9.803,8.97,4.034,9.788,7.685,11.418,8.731,7.386,4.982,8.132,8.709,9.303,8.243,5.642,6.71,7.544,8.775,9.034,7.274,early,1456.0,0
DEMO-0431,8.689,9.607,9.149,11.922,11.072,8.435,11.027,10.164,8.682,12.77,8.61,6.854,12.111,7.85,6.905,8.827,5.805,8.706,4.731,8.268,6.146,6.55,11.507,11.124,4.953,10.654,5.727,8.225,9.416,9.35,8.402,10.54,11.608,10.804,10.209,8.266,7.464,6.346,6.677,10.282,8.402,late,1389.0,1
DEMO-0432,7.569,8.9,6.586,9.062,11.014,9.468,11.41,9.721,8.551,10.275,6.775,4.423,10.678,6.777,9.791,13.785,9.457,12.72,8.546,11.594,8.985,9.255,12.535,10.392,7.267,11.241,10.256,13.17,10.746,6.799,6.288,7.939,10.086,8.505,8.86,7.304,6.841,6.629,8.252,9.885,7.521,late,163.0,1
DEMO-0433,7.542,9.5,7.97,11.042,11.69,10.266,11.869,9.845,7.335,13.838,7.895,6.348,10.478,7.928,8.002,12.174,7.583,10.869,7.348,8.736,7.573,9.673,12.065,13.145,6.358,11.292,9.263,13.219,10.648,8.054,7.942,9.664,9.519,10.153,9.384,6.669,6.599,6.679,7.299,11.554,8.029,early,2628.0,0
DEMO-0434,7.748,10.972,9.99,11.648,12.947,10.985,11.712,11.366,8.23,11.529,10.127,5.68,12.395,9.206,8.453,10.759,8.812,10.312,7.409,9.884,9.323,9.187,11.336,11.91,4.143,10.141,5.752,11.584,8.653,7.755,6.278,9.85,8.07,9.816,8.448,5.356,6.457,6.367,7.334,8.036,7.368,late,187.0,1
DEMO-0435,10.178,10.905,7.499,12.929,11.548,11.544,11.345,10.662,7.847,12.394,9.125,6.309,11.937,7.531,8.175,9.836,6.487,12.293,6.63,9.701,6.678,8.57,10.494,11.674,5.533,11.406,8.693,10.351,8.778,9.842,6.741,9.864,10.133,10.196,8.683,7.609,5.066,6.603,7.202,9.416,8.459,late,1054.0,0
DEMO-0436,8.03,8.57,8.257,11.645,9.945,11.048,11.224,9.225,7.42,12.403,7.286,4.903,11.986,6.877,8.356,10.287,7.657,10.252,6.079,9.588,9.395,7.981,10.178,9.839,3.241,9.281,7.076,10.778,11.037,8.366,7.044,8.996,8.1,9.55,8.72,6.643,6.909,6.354,8.166,9.339,8.635,early,2391.0,0
DEMO-0437,7.689,8.856,7.905,11.977,11.708,9.779,10.007,8.777,8.213,13.623,7.124,6.585,11.218,6.879,6.689,7.736,6.569,10.422,6.204,8.801,6.244,7.581,13.351,11.877,8.549,13.231,7.372,10.112,8.035,5.883,5.439,8.17,8.758,9.44,8.332,5.965,6.461,6.98,7.989,8.216,9.444,early,3749.0,0
DEMO-0438,6.314,9.776,8.016,10.826,10.705,10.665,10.797,10.2,8.085,11.931,6.57,6.174,11.555,6.511,7.698,11.58,7.935,11.514,7.901,11.106,9.381,9.707,10.629,10.323,4.914,9.711,8.884,12.003,7.745,8.495,6.154,10.959,10.232,11.109,8.799,6.216,7.243,4.978,7.364,9.944,8.551,early,673.0,1
DEMO-0439,7.521,9.709,7.32,12.159,11.528,10.595,13.712,11.323,8.266,11.059,8.06,5.691,12.876,6.927,6.103,11.093,8.194,10.323,7.632,11.146,8.515,9.402,9.732,10.232,4.689,10.987,6.688,9.354,8.73,7.856,5.81,7.959,10.676,9.442,8.08,5.529,6.864,6.593,7.1,8.688,7.835,early,2617.0,0
DEMO-0440,7.304,8.763,8.622,11.053,10.121,9.631,10.174,9.232,7.384,13.135,8.142,7.177,12.825,9.243,7.87,9.074,7.499,9.327,6.809,11.152,8.742,9.25,10.576,10.818,5.332,10.6,7.522,12.086,11.216,8.508,7.679,9.622,10.279,9.735,8.957,6.343,6.631,6.155,9.194,9.78,8.31,early,90.0,1
DEMO-0441,7.273,10.071,7.433,11.0,11.967,9.557,10.627,8.468,7.82,11.28,5.485,6.826,11.285,5.22,7.19,9.654,7.757,10.424,7.353,10.339,9.782,9.381,11.04,10.549,7.09,11.784,7.388,10.887,10.108,8.264,6.185,9.872,10.502,9.64,9.199,6.991,6.697,6.355,8.131,8.727,9.172,early,2376.0,0
DEMO-0442,6.657,7.649,7.341,10.402,11.059,7.909,8.555,9.208,7.983,11.165,7.647,5.677,11.761,7.376,6.45,10.588,6.948,11.325,7.849,9.574,7.464,9.216,10.96,12.386,7.014,11.212,6.912,9.737,8.014,7.813,6.261,9.175,11.117,10.863,11.535,7.476,7.927,6.128,6.232,8.611,8.74,early,836.0,1
DEMO-0443,4.549,5.409,5.938,8.498,10.054,6.639,9.681,10.214,6.931,12.601,6.89,7.121,11.925,8.383,6.763,10.061,7.193,9.912,5.789,11.696,6.65,8.068,8.997,11.101,7.252,10.127,10.592,12.295,10.84,8.387,7.626,8.436,10.254,10.684,10.965,5.842,7.488,5.358,9.119,9.346,6.452,early,1582.0,1
DEMO-0444,8.404,11.139,8.685,11.575,12.585,10.491,12.254,10.23,6.83,11.687,7.214,6.267,11.457,5.278,6.735,9.652,4.898,10.027,5.86,9.118,6.238,6.057,11.577,12.258,7.19,12.377,7.232,10.443,9.514,10.391,6.573,10.109,10.334,9.473,7.31,7.104,6.412,6.042,8.619,10.392,7.868,early,4066.0,0
DEMO-0445,7.867,10.06,8.929,11.05,12.849,10.332,12.168,9.912,7.237,11.623,7.576,5.551,10.882,7.125,7.898,9.931,7.333,11.234,9.3,9.009,7.521,8.214,11.642,11.988,6.041,11.825,8.19,10.053,9.55,8.486,8.757,11.331,12.633,13.684,11.954,7.709,6.606,7.37,8.029,7.688,8.151,late,264.0,1
DEMO-0446,8.381,8.984,6.921,12.63,11.269,9.307,10.921,10.256,7.406,12.913,7.366,5.484,10.795,5.674,7.916,11.269,8.226,12.858,6.511,11.023,8.868,9.985,11.297,13.281,6.593,11.085,8.225,11.286,9.311,9.745,6.878,11.322,10.517,11.082,9.337,7.21,7.504,6.688,7.888,8.849,7.985,early,3203.0,0
DEMO-0447,5.66,8.623,5.055,9.525,11.253,8.861,9.167,11.275,7.888,13.19,9.619,5.292,10.976,9.681,6.41,9.202,4.171,9.279,6.813,7.398,5.836,7.85,11.541,11.989,6.853,11.748,8.231,13.332,10.336,9.042,7.345,8.336,10.557,10.341,8.954,6.771,6.026,6.342,5.426,9.923,6.948,late,506.0,1
DEMO-0448,5.866,6.898,5.846,9.262,8.788,9.432,10.452,10.899,7.9,13.687,7.747,7.973,13.025,8.616,5.993,11.82,8.911,10.837,7.378,12.43,10.051,8.806,9.814,10.234,4.384,9.582,5.507,11.374,9.38,9.418,8.453,10.921,12.67,12.058,11.454,8.362,6.421,5.044,8.294,8.7,7.791,early,451.0,1
DEMO-0449,7.034,7.577,6.463,9.765,10.426,9.384,10.542,7.327,7.416,11.11,7.046,4.27,10.637,7.497,8.456,9.22,6.087,10.802,7.971,9.929,7.791,8.253,12.356,13.232,7.378,11.244,5.997,11.196,9.041,8.053,6.675,8.624,9.083,9.994,8.412,7.839,6.2,6.291,7.907,10.056,8.555,early,4263.0,0
DEMO-0450,6.789,9.89,6.976,10.759,10.67,10.849,10.909,9.631,6.481,10.934,5.622,6.231,11.26,6.596,5.216,10.437,6.758,10.559,7.877,9.382,8.463,9.046,11.495,12.03,7.19,12.115,7.15,11.98,9.038,9.078,7.348,9.957,11.258,9.616,9.696,7.738,7.224,6.424,7.795,8.041,7.568,early,3656.0,0
DEMO-0451,7.547,9.783,8.354,11.373,9.45,9.354,12.475,10.352,7.444,10.766,6.746,7.325,12.224,7.82,7.073,11.414,7.896,10.149,8.435,10.723,10.073,9.116,12.001,12.689,6.812,10.793,8.211,12.829,8.816,7.552,6.598,10.591,8.702,10.164,9.341,6.117,6.822,7.315,7.218,6.942,7.235,late,318.0,0
DEMO-0452,8.48,9.106,7.169,10.244,12.142,9.35,11.455,9.899,6.489,12.219,5.577,6.332,11.114,8.037,7.602,7.335,6.48,9.807,5.548,9.61,7.016,7.061,11.017,11.69,3.883,10.565,5.794,9.89,9.906,9.841,6.357,9.458,10.963,10.798,9.433,7.08,8.109,6.525,7.363,8.615,8.273,late,80.0,1
DEMO-0453,9.922,9.166,8.613,12.595,12.037,10.554,12.477,11.0,9.751,11.544,8.37,7.582,13.189,7.023,7.332,10.249,7.597,10.109,5.891,9.25,7.241,8.235,10.845,9.135,4.588,9.505,8.921,12.115,11.713,9.477,5.62,9.223,10.209,11.602,10.112,5.747,5.861,6.088,6.945,9.173,8.185,early,3251.0,0
DEMO-0454,5.765,7.919,8.011,10.376,11.289,10.391,10.179,10.537,7.298,11.916,6.442,6.682,11.485,6.627,7.185,11.05,7.524,11.014,6.787,10.043,7.054,9.543,9.718,9.286,4.695,9.882,5.844,10.046,9.404,7.595,6.961,8.57,9.244,8.713,7.769,4.965,7.35,7.666,7.045,9.016,9.482,early,351.0,0
DEMO-0455,7.225,9.034,8.311,11.136,11.085,11.315,12.236,10.889,9.001,14.63,9.411,8.404,13.669,8.829,8.183,10.18,7.083,11.47,7.788,10.785,8.819,9.803,10.441,11.013,5.671,10.513,8.094,11.54,9.435,8.332,6.842,9.814,11.294,10.645,8.494,7.991,6.633,6.126,8.302,9.02,8.23,late,1093.0,0
DEMO-0456,7.873,9.79,8.626,12.074,11.953,10.587,10.505,11.807,8.435,14.355,9.022,6.231,12.802,8.224,7.177,10.267,7.732,10.807,7.048,11.366,6.93,8.906,12.467,11.753,4.358,10.357,7.881,11.39,8.269,7.036,8.345,8.013,8.516,8.591,8.519,6.932,6.732,6.244,6.559,8.638,8.317,early,900.0,0
DEMO-0457,7.623,7.953,6.814,9.883,11.738,8.471,11.965,7.275,6.84,10.204,8.258,5.028,11.092,4.325,7.347,9.447,5.858,9.757,6.753,9.247,6.181,8.32,9.558,11.819,6.627,9.922,7.133,10.483,9.433,9.467,6.028,10.781,10.879,11.453,10.017,6.059,8.871,5.083,8.26,10.592,8.516,early,1451.0,1
DEMO-0458,7.252,9.263,6.942,10.285,12.14,10.701,10.155,11.187,8.142,13.976,7.626,5.813,11.939,7.734,6.891,10.346,6.456,10.108,7.342,9.395,7.494,6.433,12.602,11.623,5.794,10.287,7.114,9.665,10.194,9.033,7.086,9.623,9.945,10.188,10.012,5.937,7.509,6.975,6.613,10.144,7.818,late,112.0,1
DEMO-0459,5.954,9.106,5.978,9.676,10.133,10.513,10.229,10.901,7.727,11.59,9.099,7.138,13.302,9.065,7.167,8.58,6.887,9.952,5.933,9.496,6.84,8.941,12.129,10.909,6.279,11.147,4.905,8.579,7.472,9.024,6.379,11.109,11.655,11.816,9.107,7.637,6.528,5.504,7.604,8.844,7.997,late,616.0,0
DEMO-0460,7.627,7.783,7.38,10.338,10.543,9.441,8.866,9.228,8.655,11.672,7.763,6.482,12.169,7.302,7.314,9.808,7.306,10.537,6.5,10.519,8.102,7.12,9.496,10.956,6.209,11.278,8.559,10.903,8.81,7.544,5.867,10.44,8.831,8.293,8.466,7.184,7.396,5.205,7.886,9.636,6.588,early,681.0,0
DEMO-0461,8.807,10.576,8.902,12.462,11.886,12.097,11.845,8.953,7.631,11.85,7.328,5.956,12.951,9.234,6.675,10.796,8.522,11.817,5.936,11.221,8.301,9.034,12.429,12.295,5.569,10.431,7.829,10.571,9.771,8.056,6.399,8.402,8.417,6.936,8.089,7.484,8.039,5.11,8.826,9.258,9.463,early,1421.0,0
DEMO-0462,6.7,10.027,7.183,13.596,12.031,11.437,10.281,8.852,8.282,12.327,7.927,6.327,11.126,7.201,5.368,7.941,4.778,9.722,5.907,9.088,6.066,6.673,9.329,10.664,5.96,9.287,8.201,12.256,10.106,6.476,5.789,10.442,10.851,10.614,9.998,6.919,7.487,6.919,8.954,8.697,9.715,early,295.0,1
DEMO-0463,6.642,11.439,7.003,11.144,11.206,10.799,11.261,7.814,7.107,9.869,6.893,5.475,11.787,7.152,7.431,9.392,7.392,10.68,7.274,11.529,6.133,8.45,11.61,9.784,5.097,9.727,6.471,9.942,7.967,7.419,6.654,12.177,11.767,12.421,11.856,7.158,6.356,5.718,7.361,8.304,6.646,early,3696.0,0
DEMO-0464,8.539,9.721,9.114,12.486,11.811,9.262,11.652,11.472,9.419,13.167,7.269,5.994,13.426,8.51,6.244,11.825,7.18,9.952,7.227,9.853,7.801,7.723,9.694,10.105,5.534,10.492,6.621,12.763,9.418,10.243,6.844,11.797,10.107,11.264,8.968,6.888,6.243,6.339,6.11,8.392,8.391,late,3141.0,1
DEMO-0465,7.135,8.509,7.211,10.753,11.654,11.12,12.351,11.241,9.413,13.258,8.447,8.1,12.853,9.648,6.668,9.33,6.605,8.945,4.886,8.941,5.619,6.945,10.921,10.877,5.899,11.739,7.257,9.559,8.356,5.253,6.641,10.212,9.979,11.742,10.051,7.129,6.239,6.371,7.768,8.495,7.017,late,501.0,1
DEMO-0466,7.274,10.51,8.687,13.303,12.559,12.939,13.182,7.764,7.559,11.743,4.915,4.677,9.281,5.335,6.495,11.725,7.586,10.597,6.612,10.793,8.968,8.567,10.853,12.739,6.968,10.985,8.133,9.872,7.465,7.018,5.517,8.353,9.894,10.17,9.316,7.248,7.256,6.541,8.2,9.258,7.449,early,2886.0,0
DEMO-0467,6.645,10.704,6.325,10.263,10.67,8.338,10.571,8.643,7.355,12.251,7.495,6.976,11.438,7.188,6.319,9.899,4.613,9.278,7.397,9.016,7.35,8.374,10.22,10.183,5.182,9.263,8.439,10.547,9.911,8.543,4.855,9.712,9.095,10.139,7.639,6.34,6.569,5.437,7.31,11.181,7.737,early,2277.0,1
DEMO-0468,8.146,8.023,7.044,9.913,10.452,8.923,10.907,12.102,10.226,14.029,10.545,7.743,13.664,8.64,6.067,11.497,6.072,9.781,6.695,10.996,7.303,7.12,10.649,11.429,6.821,10.456,7.714,11.233,10.235,8.076,6.256,10.553,12.323,12.614,10.151,5.885,6.958,5.522,7.705,8.864,6.709,late,386.0,1
DEMO-0469,7.48,8.939,6.432,11.328,11.116,10.17,11.205,11.201,8.348,10.888,6.783,5.059,11.625,5.614,3.7,6.961,4.51,8.131,5.18,7.371,6.209,6.631,12.723,12.06,5.441,11.744,7.343,13.209,10.335,6.303,6.557,10.639,10.505,10.471,10.196,6.746,7.291,5.57,7.097,9.549,8.568,early,347.0,0
DEMO-0470,6.369,8.24,8.139,11.04,10.306,8.719,11.331,10.496,8.908,11.983,7.562,6.427,12.447,7.173,8.745,9.696,7.241,10.382,8.745,10.918,8.902,8.667,13.042,13.272,7.161,12.836,8.921,10.103,9.378,9.452,8.169,10.423,11.04,10.002,9.584,8.13,6.824,6.438,7.938,8.013,7.795,early,411.0,0
DEMO-0471,8.022,7.749,4.993,9.756,10.964,9.283,10.932,10.324,7.762,13.433,8.989,5.491,12.278,8.358,5.596,9.891,6.21,10.439,6.903,8.868,7.709,7.873,11.6,12.461,7.068,12.608,8.485,10.234,9.446,7.023,6.793,7.977,9.768,9.362,7.917,5.848,7.571,6.311,6.924,9.109,7.978,early,247.0,1
DEMO-0472,5.948,8.528,7.298,9.335,10.02,8.854,9.53,11.978,9.25,11.948,7.779,7.445,12.706,9.664,6.0,9.925,6.718,10.017,5.94,10.146,6.729,8.666,12.119,12.943,5.765,9.218,5.846,10.103,8.192,7.959,5.024,7.127,9.004,10.874,9.563,6.75,5.971,7.186,6.859,8.64,8.016,late,20.0,1
DEMO-0473,8.843,9.085,6.701,12.533,12.342,10.306,12.192,9.656,8.238,11.193,7.143,7.664,11.042,7.041,8.084,9.975,8.179,11.746,7.336,10.828,9.714,10.779,10.114,9.169,5.321,10.405,7.859,11.701,10.783,10.293,6.937,8.753,9.556,8.588,6.954,6.212,6.614,6.767,7.497,9.166,7.453,early,3484.0,0
DEMO-0474,6.819,8.98,7.189,10.214,10.508,10.227,10.977,9.357,9.056,11.678,7.538,5.896,10.586,6.972,6.923,6.19,5.342,9.779,4.511,9.134,5.926,6.161,9.354,9.875,3.584,7.274,6.668,10.009,9.832,7.496,6.538,8.145,9.449,10.186,10.095,6.567,7.538,6.56,7.341,9.396,8.848,early,1688.0,0
DEMO-0475,7.252,9.315,8.162,9.847,10.416,9.284,10.706,10.436,8.832,15.121,8.035,7.368,12.151,8.665,6.977,11.107,7.72,10.391,7.306,9.896,7.792,7.362,9.854,11.009,5.794,8.476,10.905,13.385,10.678,9.905,8.96,9.02,10.54,9.375,8.13,5.931,7.042,5.119,7.868,9.69,8.119,early,397.0,0
DEMO-0476,6.891,10.474,6.896,10.596,11.863,10.83,10.737,9.358,6.035,9.37,4.968,4.8,9.934,6.284,8.628,10.764,7.74,12.035,7.721,12.794,7.267,9.863,11.161,11.682,6.245,10.476,7.494,13.655,11.91,8.551,5.27,10.455,11.208,10.644,8.493,6.21,7.042,4.587,8.803,8.249,8.537,early,2719.0,0
DEMO-0477,5.797,10.151,7.212,10.153,9.54,10.256,10.908,8.227,6.32,11.047,6.535,6.924,11.779,4.972,4.877,8.592,5.249,9.148,7.72,8.231,3.992,6.134,10.813,10.383,4.803,10.271,7.641,12.968,10.6,8.528,7.313,7.418,8.851,8.549,7.278,8.201,9.123,8.519,6.478,8.176,7.239,early,1239.0,1
DEMO-0478,7.163,9.582,6.994,10.511,11.565,10.204,10.635,11.49,8.034,13.021,7.269,7.044,12.178,8.605,7.947,8.981,5.962,11.245,6.553,8.76,6.878,9.35,13.084,11.776,7.32,11.258,9.441,11.048,8.639,9.36,6.953,6.892,8.23,8.303,8.208,6.41,6.025,6.703,8.199,10.082,7.945,early,1041.0,0
DEMO-0479,7.472,8.754,7.778,11.356,10.928,10.409,10.62,11.425,7.724,14.451,9.353,7.478,11.286,8.228,7.477,10.614,7.067,10.52,5.979,9.428,6.7,8.806,9.15,10.711,5.393,9.609,5.562,9.948,7.957,8.42,6.396,10.565,9.369,9.358,8.349,6.164,6.161,5.71,6.408,7.73,9.522,early,868.0,1
DEMO-0480,6.393,9.552,7.168,10.393,10.595,10.191,11.467,9.99,6.539,12.154,5.697,5.351,13.516,6.715,5.869,9.918,6.251,9.77,4.873,9.852,6.726,8.022,11.604,10.359,4.766,12.143,6.218,9.643,8.89,8.396,6.154,9.607,11.013,10.201,9.754,7.248,6.515,5.315,6.218,8.829,7.852,late,653.0,1
DEMO-0481,7.709,10.05,6.809,11.874,11.315,10.57,12.321,11.53,8.527,12.893,6.599,7.228,13.244,7.217,6.474,9.472,5.258,9.606,5.547,9.151,6.472,7.536,8.236,9.63,3.825,9.222,6.427,10.496,9.056,10.577,9.088,9.89,10.157,9.337,11.085,7.295,6.506,6.389,7.495,6.826,8.447,early,1500.0,1
DEMO-0482,5.888,8.243,7.067,8.531,8.796,8.286,10.215,10.046,8.594,12.864,7.549,6.241,11.211,9.331,6.847,10.99,7.22,11.677,6.626,8.931,7.244,8.473,12.825,12.514,7.289,9.811,7.771,10.39,9.134,9.169,7.833,13.344,11.117,12.099,10.74,8.493,7.58,6.291,7.236,9.984,9.339,late,372.0,1
DEMO-0483,5.856,9.032,8.81,10.547,9.51,8.825,13.04,8.964,7.713,12.067,6.313,5.435,10.628,6.781,6.942,11.641,7.523,12.335,7.993,11.029,8.698,8.954,11.374,9.353,5.64,10.609,6.954,10.334,10.332,8.458,7.465,8.247,10.772,8.501,8.029,7.208,6.621,6.12,6.215,9.703,7.687,early,1326.0,1
DEMO-0484,5.535,7.893,7.976,9.886,9.629,9.704,10.931,9.351,8.297,12.012,7.045,5.923,12.523,7.765,5.871,8.738,5.655,9.476,6.262,8.682,7.069,7.549,11.727,7.344,3.879,9.973,7.674,10.378,10.056,10.169,7.165,11.664,11.426,11.564,9.419,6.53,6.754,3.875,8.44,9.371,7.811,late,2134.0,1
DEMO-0485,6.66,10.084,9.798,13.473,12.272,10.024,12.135,10.382,8.341,14.192,7.949,8.162,13.259,7.868,6.444,8.216,6.244,9.29,5.165,9.41,5.652,5.461,10.482,11.425,4.203,11.389,8.592,13.164,9.654,7.392,3.603,9.809,9.826,10.453,9.218,7.319,6.086,6.825,7.853,8.506,8.324,early,2422.0,0
DEMO-0486,5.15,7.572,6.242,6.935,8.873,8.192,9.028,10.496,9.532,13.332,6.553,7.715,13.033,7.122,7.676,9.055,8.333,10.805,6.623,10.516,8.2,9.645,13.186,12.256,7.45,11.87,6.564,10.068,10.289,6.948,6.825,9.722,11.31,11.711,8.409,7.6,5.458,5.697,8.272,10.117,7.529,late,655.0,1
DEMO-0487,7.232,11.023,7.547,9.74,11.737,9.388,10.518,11.808,7.001,11.303,6.515,5.717,12.114,7.255,6.994,12.365,8.912,10.649,8.471,12.539,8.807,9.826,14.424,12.521,7.465,12.128,5.658,9.754,8.743,8.657,7.15,8.952,9.717,8.854,9.016,7.407,6.024,6.278,8.026,8.874,8.138,early,2419.0,1
DEMO-0488,7.708,10.197,7.093,10.781,9.873,9.919,11.941,12.442,7.383,12.122,8.715,6.055,13.001,8.874,5.703,9.132,4.145,9.161,6.438,9.192,5.764,7.46,11.497,11.121,6.493,10.899,7.058,9.254,9.267,9.332,8.166,7.882,9.929,8.988,6.916,6.926,6.263,5.175,9.677,9.748,8.52,early,547.0,0
DEMO-0489,4.953,8.34,7.847,9.433,10.688,8.652,10.518,8.054,8.735,13.15,7.864,6.789,13.22,4.852,6.19,9.819,5.278,10.645,3.955,7.934,5.197,6.147,11.757,11.557,7.673,11.116,8.857,11.332,8.192,10.31,5.469,9.073,9.292,10.615,8.191,6.597,6.28,5.181,8.608,9.95,8.366,late,106.0,1
DEMO-0490,6.867,10.128,7.536,10.167,11.206,12.337,11.897,8.805,7.371,11.888,7.48,6.553,11.183,6.644,8.277,8.999,6.24,9.92,6.506,10.089,5.001,6.698,9.702,10.874,6.068,10.907,6.913,9.216,7.963,10.059,7.34,8.543,10.443,9.976,8.728,5.483,6.78,5.782,7.459,8.837,9.294,early,1774.0,1
DEMO-0491,8.073,8.44,6.724,10.504,10.677,10.748,12.519,9.67,7.885,12.39,6.44,4.947,13.464,6.491,7.107,7.819,6.144,9.465,4.873,9.719,5.229,6.846,10.826,9.835,5.935,9.417,7.74,10.848,9.884,7.246,6.571,9.989,10.344,10.043,7.453,6.025,6.428,7.35,6.661,10.647,6.449,early,3606.0,0
DEMO-0492,6.83,9.055,6.139,10.564,9.334,9.348,9.744,8.473,7.712,11.803,5.825,5.994,10.37,5.449,7.937,11.786,7.373,10.969,7.172,10.277,9.053,9.047,10.334,11.049,5.807,11.152,7.059,9.243,7.602,6.647,5.147,8.763,9.744,10.256,8.827,7.296,7.213,5.282,7.31,8.858,8.717,early,947.0,1
DEMO-0493,7.193,10.457,8.053,11.423,12.027,9.881,11.032,10.024,7.339,12.543,8.583,5.421,10.998,7.295,6.31,8.496,5.958,9.502,4.62,9.506,5.175,8.497,12.122,11.569,8.252,12.237,8.005,10.74,8.92,7.231,3.509,9.327,9.838,10.054,8.914,7.843,6.66,5.379,6.676,9.863,7.91,early,782.0,1
DEMO-0494,8.822,8.301,8.027,11.007,10.962,9.554,10.777,10.644,8.635,12.609,7.843,9.057,12.33,8.287,7.569,12.547,8.407,11.788,9.241,11.698,9.348,9.537,10.932,9.956,5.087,10.421,7.446,11.387,9.772,6.853,6.449,9.562,12.18,11.268,11.118,6.309,5.757,5.637,6.971,8.781,8.92,early,1416.0,0
DEMO-0495,6.122,7.619,7.856,10.204,8.96,8.351,10.093,8.972,9.075,11.533,7.817,5.847,12.003,6.972,6.398,10.371,6.219,11.733,8.164,10.244,8.461,10.109,10.165,10.539,4.554,9.82,6.934,11.998,11.31,9.681,7.272,10.442,10.698,10.163,9.805,5.648,6.348,6.987,7.675,9.529,8.481,early,1227.0,0
DEMO-0496,6.717,6.899,6.141,10.961,9.558,9.088,9.021,9.371,6.484,11.341,5.505,5.767,11.924,6.904,8.472,9.636,6.954,11.241,7.371,9.801,9.2,10.89,10.414,10.39,4.825,11.073,8.215,12.373,8.989,8.902,6.299,9.882,9.579,9.897,9.222,5.731,8.419,6.222,7.425,8.395,6.679,early,3057.0,0
DEMO-0497,8.428,9.834,7.979,11.466,10.466,9.72,11.094,8.705,6.731,11.3,7.331,6.844,10.887,6.658,8.196,10.091,6.604,11.138,8.72,10.654,7.905,8.228,10.311,10.868,6.013,10.435,7.624,8.702,10.281,7.988,6.263,8.557,9.434,8.123,8.918,5.268,6.579,6.111,6.839,9.758,7.89,early,1485.0,0
DEMO-0498,6.035,8.888,8.427,11.033,10.826,10.515,10.81,10.475,8.433,14.393,8.081,6.666,13.712,9.891,8.012,10.544,6.254,8.78,6.218,8.696,6.018,7.846,10.623,11.376,6.647,12.771,8.12,11.339,7.981,7.755,5.082,8.873,9.247,9.875,8.228,5.891,5.756,5.12,6.863,9.567,8.703,late,820.0,0
DEMO-0499,7.669,9.936,7.886,10.995,12.047,9.548,10.698,9.601,7.961,12.785,7.746,5.755,13.713,5.911,5.934,8.987,6.381,8.494,5.905,9.896,9.343,6.408,11.97,9.917,5.202,11.351,7.258,11.438,10.421,9.944,8.072,10.206,11.538,10.475,8.848,6.618,6.852,6.524,7.627,9.773,7.383,late,456.0,0
DEMO-0500,7.023,9.118,7.188,11.292,11.189,9.443,10.086,9.088,7.118,11.083,6.469,4.913,10.74,7.754,8.746,10.702,8.091,10.616,6.831,10.385,8.231,8.849,12.827,12.237,5.838,9.85,5.983,11.098,9.95,11.133,7.779,8.658,10.1,8.885,10.098,7.194,6.955,6.648,8.413,8.049,9.238,early,1304.0,1
DEMO-0501,7.036,9.171,8.057,11.277,12.032,10.086,13.021,8.638,6.821,11.504,4.518,5.416,10.637,6.185,7.879,12.064,7.978,11.868,7.223,12.394,6.697,8.357,10.544,10.765,7.394,10.85,8.731,11.177,10.075,8.523,7.695,9.114,9.969,11.195,9.975,7.08,5.727,5.568,8.425,8.734,8.013,early,2029.0,0
DEMO-0502,11.04,11.491,10.495,14.544,12.87,12.894,13.421,8.626,7.482,10.551,8.33,4.65,10.875,5.52,7.041,10.592,8.969,10.764,6.573,10.165,9.124,8.795,12.991,11.161,7.027,11.215,7.911,10.403,10.256,7.227,5.851,9.402,10.038,9.425,9.086,4.678,6.514,5.755,7.587,10.127,6.826,early,842.0,0
DEMO-0503,7.068,9.127,5.84,11.424,11.647,8.957,10.265,12.267,7.263,14.455,7.209,7.08,12.367,9.16,7.896,10.491,6.754,10.788,6.807,10.636,7.501,8.559,10.516,11.15,8.556,11.043,6.218,11.091,9.019,6.894,5.169,10.6,10.752,12.004,8.775,5.783,7.121,6.632,7.735,9.201,7.711,early,1637.0,0
DEMO-0504,8.668,9.211,7.955,10.76,11.589,9.995,11.582,11.356,8.881,13.565,8.517,7.911,14.458,9.37,7.139,9.359,5.998,10.225,7.625,9.382,6.357,8.513,10.495,11.758,4.883,9.031,8.786,12.441,10.26,7.238,8.728,12.238,13.241,12.678,11.025,5.14,5.458,7.646,6.445,8.946,6.2,late,275.0,1
DEMO-0505,5.347,9.283,8.051,10.263,11.091,8.624,10.468,10.689,8.262,12.656,7.246,5.838,12.468,7.0,6.902,11.212,5.672,11.15,6.976,9.866,6.405,8.858,9.647,9.935,4.265,9.117,9.76,11.647,10.827,8.549,7.785,9.611,9.99,9.664,8.594,6.039,5.779,6.587,7.71,8.753,8.893,early,257.0,1
DEMO-0506,5.923,9.035,6.786,9.44,9.45,8.379,9.417,9.608,6.161,11.809,6.568,6.442,10.82,6.037,7.547,8.535,7.113,9.763,5.081,10.051,5.886,6.678,10.563,13.587,5.65,11.795,7.272,10.13,7.971,6.546,7.377,9.486,11.651,10.105,9.989,5.346,6.554,6.17,8.374,9.933,8.084,early,350.0,1
DEMO-0507,8.679,11.934,8.956,12.793,12.132,10.683,12.762,10.53,7.529,14.114,7.987,6.833,11.374,6.988,6.773,9.047,6.91,11.843,7.722,9.186,9.337,7.296,11.67,12.579,6.412,9.799,6.806,9.994,11.528,8.386,7.347,8.368,9.06,8.078,9.15,6.998,5.69,6.533,6.785,8.571,7.543,late,469.0,1
DEMO-0508,8.499,9.48,8.743,12.706,13.267,12.156,12.833,9.489,7.022,11.986,6.615,5.563,10.102,6.813,8.032,9.897,6.791,11.114,7.219,9.359,7.821,8.667,9.976,8.235,1.885,6.965,6.119,9.686,7.95,7.14,6.287,10.81,11.372,10.606,8.467,5.738,6.128,6.657,7.978,8.387,8.428,early,1891.0,1
DEMO-0509,7.893,11.204,8.006,9.902,9.765,8.376,10.843,9.421,8.405,12.601,8.794,6.768,11.896,7.885,7.102,8.52,5.353,9.064,7.093,8.505,4.934,5.706,10.12,11.642,5.108,9.786,6.986,10.724,10.474,9.397,8.41,8.689,8.505,10.155,7.004,5.451,6.3,6.364,8.078,10.107,8.266,early,2541.0,0
DEMO-0510,6.235,9.219,7.016,11.005,10.54,8.742,11.114,11.344,9.709,13.809,9.233,7.132,11.635,8.254,5.712,8.004,5.412,8.754,4.294,7.915,3.914,5.847,12.005,13.156,6.821,11.144,6.694,9.889,8.719,6.877,6.413,10.652,11.152,11.211,10.413,7.793,7.24,8.456,6.947,9.539,8.22,early,1195.0,1
DEMO-0511,4.715,8.299,7.291,9.892,9.915,6.505,11.65,10.767,6.382,12.998,7.951,4.131,12.824,6.342,6.393,9.013,7.163,10.866,7.29,10.678,7.724,8.833,12.092,13.196,8.034,11.321,7.517,9.797,8.045,6.338,5.952,6.183,8.041,8.021,6.96,5.31,6.385,5.946,6.295,7.891,6.621,early,2565.0,1
DEMO-0512,7.558,7.958,7.09,9.859,10.059,10.471,12.712,7.315,6.66,10.459,5.635,6.066,11.377,4.58,5.092,9.014,5.322,9.678,6.43,8.825,4.179,7.304,12.243,11.07,6.323,11.071,8.285,12.626,9.701,9.507,7.147,9.693,11.904,10.685,10.346,5.735,7.093,6.748,8.816,8.366,8.928,early,708.0,0
DEMO-0513,6.699,9.649,7.992,9.591,10.394,10.381,10.462,11.916,9.524,14.233,8.783,7.727,14.822,8.585,4.389,6.968,4.344,8.657,4.896,7.773,5.531,6.704,11.751,11.231,5.035,10.445,9.317,10.943,9.232,10.518,7.415,9.404,11.557,10.564,10.898,5.683,7.022,6.71,8.867,9.351,8.249,late,38.0,1
DEMO-0514,6.17,9.352,7.397,9.252,9.569,9.077,11.654,10.261,7.715,10.726,7.501,5.915,12.433,4.985,6.938,8.388,6.121,9.711,5.306,8.317,5.611,7.492,12.273,11.844,6.797,12.661,7.694,11.442,8.426,7.722,4.547,6.877,9.367,8.809,9.282,7.189,6.731,5.898,6.531,8.264,9.442,early,2156.0,0
DEMO-0515,6.333,9.238,6.88,10.581,9.886,9.427,10.915,8.961,8.519,11.616,7.999,5.77,12.445,7.381,6.804,8.747,5.653,11.304,7.165,10.324,7.588,7.135,13.419,11.739,7.657,12.544,7.657,10.368,9.501,7.818,7.163,11.331,12.037,11.071,8.698,5.285,6.347,6.848,6.468,8.292,5.777,early,1607.0,0
DEMO-0516,8.412,10.922,7.407,11.198,11.507,10.488,11.804,9.231,5.744,11.413,5.562,4.511,10.032,5.291,6.555,10.036,6.489,10.886,6.594,10.348,8.222,8.685,10.979,11.728,6.302,12.45,8.149,10.119,8.225,9.424,8.558,10.325,9.641,10.013,9.054,5.371,7.631,5.941,8.527,8.247,6.901,early,1726.0,0
DEMO-0517,7.54,9.14,6.705,9.895,11.171,10.583,10.793,10.325,7.729,12.423,6.198,7.291,10.919,7.403,7.353,9.148,7.653,9.818,7.557,8.697,7.702,8.451,11.044,10.31,5.05,9.75,5.27,9.529,5.822,9.061,7.445,9.77,11.066,11.644,10.5,5.826,6.08,6.254,8.743,7.153,7.382,early,439.0,0
DEMO-0518,4.183,8.274,5.647,10.312,10.023,8.743,11.762,10.257,7.958,13.108,6.689,7.597,12.678,7.866,8.325,12.352,9.542,10.81,8.79,9.895,8.367,10.068,10.562,12.138,7.433,12.481,9.676,11.361,10.728,8.059,5.767,11.673,9.978,8.78,10.213,6.02,8.13,6.126,9.27,9.523,9.642,early,168.0,1
DEMO-0519,6.294,7.338,6.032,9.13,9.963,7.967,9.53,10.112,7.855,12.546,6.772,5.943,10.909,7.321,6.888,9.393,8.388,10.65,7.751,9.678,7.462,8.223,10.504,8.776,2.899,8.708,7.082,11.23,8.858,7.352,5.413,10.635,9.988,10.753,10.155,6.328,7.054,5.062,9.146,10.593,9.659,late,1836.0,1
DEMO-0520,6.462,8.709,8.294,13.422,10.105,10.251,12.362,10.608,7.049,12.846,8.219,7.286,13.224,8.137,8.03,11.389,8.913,10.468,7.74,11.017,7.602,9.68,12.358,13.926,7.455,11.099,6.94,8.859,7.423,8.753,7.086,10.096,10.676,10.495,8.508,6.818,8.842,6.84,8.257,9.216,9.009,early,886.0,1
DEMO-0521,6.403,8.207,6.354,8.459,11.02,9.714,11.219,8.937,8.611,11.727,5.231,6.43,11.62,6.618,7.693,10.515,7.955,11.171,7.044,9.51,8.523,7.717,10.364,11.028,4.106,9.934,7.583,10.657,8.934,6.697,8.311,8.583,8.872,9.836,8.509,7.092,7.551,5.087,7.44,10.706,8.75,early,242.0,1
DEMO-0522,6.825,10.028,8.539,10.862,10.746,9.713,11.175,10.741,9.83,12.254,7.849,6.427,12.597,7.197,9.725,11.315,6.834,11.501,7.85,9.137,8.668,8.425,10.314,12.098,6.583,8.664,6.465,10.589,10.359,8.267,5.838,8.288,10.787,10.471,8.548,6.831,7.012,6.134,8.975,8.328,6.918,early,849.0,1
DEMO-0523,8.315,11.736,7.805,12.867,11.044,11.325,11.227,10.216,7.529,12.845,8.693,7.482,12.929,7.323,7.737,10.646,6.831,12.921,8.076,10.707,9.923,8.484,14.039,13.062,6.944,13.191,7.993,11.167,11.474,8.931,7.194,11.163,11.892,10.968,10.508,6.893,6.471,5.929,7.941,10.228,8.221,early,638.0,1
DEMO-0524,5.958,9.754,7.899,10.919,9.044,10.642,12.886,11.586,9.142,15.257,8.833,6.812,12.355,9.603,8.581,10.804,7.281,11.041,8.697,10.422,7.649,9.474,10.875,10.682,5.812,10.612,7.538,12.125,9.754,7.481,5.085,9.851,9.669,8.984,9.393,5.514,7.16,6.835,8.632,8.623,6.683,early,875.0,1
DEMO-0525,7.111,8.259,8.334,9.712,11.501,11.707,10.81,8.32,6.469,10.058,7.311,6.093,9.912,6.076,7.087,9.556,6.214,10.154,6.248,9.721,7.35,7.2,10.58,10.923,5.134,9.063,7.713,11.795,10.103,10.076,7.81,9.26,10.675,10.812,9.24,7.281,8.096,5.687,7.694,8.437,9.248,early,1613.0,0
DEMO-0526,8.841,9.279,7.622,10.678,10.254,8.865,11.876,8.625,7.769,10.361,6.32,5.186,10.366,5.325,7.139,9.959,5.063,9.975,5.931,8.757,5.467,6.163,11.481,10.925,6.064,10.883,9.571,9.967,11.293,8.679,7.896,9.681,9.906,10.459,9.253,8.137,6.699,6.17,7.387,8.92,6.909,early,3168.0,0
DEMO-0527,8.127,8.79,7.528,8.905,11.058,8.29,10.513,9.477,9.046,11.171,7.883,6.533,10.826,8.883,8.403,8.832,6.906,8.292,6.767,9.365,6.4,8.919,11.268,11.351,4.764,10.181,7.568,9.65,8.324,10.209,7.405,9.745,11.786,9.81,10.57,6.116,6.574,6.203,7.111,10.558,7.57,early,3269.0,1
DEMO-0528,5.386,9.961,8.34,9.488,9.64,8.642,10.012,10.905,8.342,10.516,7.94,6.135,13.283,5.327,7.514,11.623,9.588,10.798,7.557,10.575,8.467,9.817,14.039,12.735,5.792,11.468,8.107,9.292,9.918,7.746,6.592,8.729,10.157,7.53,8.333,5.52,7.349,5.872,6.903,8.595,7.341,early,795.0,1
DEMO-0529,6.228,9.026,7.651,10.405,9.052,9.691,11.815,9.983,8.134,10.565,6.79,5.435,11.622,5.827,6.964,12.156,8.022,10.779,8.897,10.413,8.532,8.791,12.269,12.332,6.528,11.215,6.68,12.215,9.573,5.917,6.736,8.877,9.696,12.1,8.527,7.234,5.488,5.632,7.951,7.988,6.949,early,498.0,0
DEMO-0530,3.809,7.802,4.752,7.271,9.659,7.327,9.016,11.45,7.832,12.511,7.493,5.99,10.134,7.429,8.105,9.551,8.211,11.689,8.251,10.002,7.752,8.617,10.458,12.0,5.357,8.382,5.331,10.781,8.037,7.939,7.272,8.785,13.2,9.227,10.171,6.226,7.504,4.851,7.128,7.722,6.486,early,136.0,1
DEMO-0531,6.504,9.462,7.804,11.358,10.693,9.438,9.71,10.867,7.885,11.968,8.824,5.765,11.37,8.543,8.609,11.417,6.543,10.688,8.402,10.084,7.925,7.987,10.941,11.054,6.813,11.238,6.651,10.492,7.833,7.596,4.025,8.848,9.212,8.961,9.01,6.262,7.13,5.848,6.614,11.086,8.505,early,1968.0,0
DEMO-0532,7.637,9.297,6.931,11.115,8.745,9.497,11.117,11.327,7.66,12.658,8.398,9.014,13.329,9.498,8.287,10.299,8.317,11.065,8.094,11.742,9.812,9.559,10.558,11.802,5.26,11.687,9.734,10.996,9.424,6.069,6.059,10.759,10.898,12.055,9.757,6.947,7.892,6.735,9.12,9.529,6.783,late,225.0,1
DEMO-0533,7.788,9.494,6.508,11.313,12.165,9.432,9.93,9.797,6.738,12.181,7.302,6.448,12.01,6.769,6.823,9.847,6.842,9.472,5.942,9.719,7.828,8.647,9.919,10.108,6.311,9.876,7.776,11.412,8.285,9.001,5.663,10.992,9.606,9.687,10.229,7.583,7.782,8.138,8.314,8.704,8.147,early,908.0,0
DEMO-0534,6.335,9.418,8.457,10.2,10.045,10.017,10.485,9.853,7.787,13.274,8.658,6.102,11.922,6.921,6.545,10.519,6.641,12.076,6.499,9.892,9.162,8.952,10.944,11.717,6.764,11.689,6.838,9.6,8.331,9.026,6.366,8.997,10.455,10.791,9.294,6.094,7.339,5.624,6.599,10.156,8.499,early,1509.0,0
DEMO-0535,6.363,8.994,7.618,9.959,8.663,10.024,11.347,11.053,7.803,12.36,8.257,5.738,13.598,8.837,7.342,9.906,7.965,9.936,7.436,10.24,8.582,8.384,10.075,11.38,5.821,11.14,7.411,11.362,8.777,8.122,8.344,9.874,10.716,11.654,10.671,7.311,5.145,7.936,8.499,9.733,7.521,late,1281.0,0
DEMO-0536,5.999,9.504,7.064,10.247,12.653,11.368,11.311,8.961,7.946,10.816,8.373,5.031,11.555,6.537,6.69,10.444,6.566,9.619,6.425,8.312,7.009,8.716,11.073,12.391,6.771,10.144,8.855,9.486,11.51,7.279,5.599,9.278,8.637,9.205,7.34,7.157,6.992,7.068,7.656,8.855,7.893,early,1830.0,0
DEMO-0537,7.475,10.042,8.975,11.551,10.952,11.39,11.108,12.732,10.053,14.512,9.504,7.358,13.509,8.116,5.633,9.611,5.93,9.82,5.517,8.479,7.276,7.437,8.767,10.409,4.975,9.628,6.629,10.243,9.415,9.56,7.099,9.682,11.022,10.521,9.279,8.105,6.258,7.197,7.371,8.112,9.309,late,1116.0,0
DEMO-0538,7.692,10.024,7.679,11.222,9.874,10.35,11.988,7.744,6.447,11.073,7.802,6.765,11.099,8.038,8.081,12.29,8.879,11.678,9.975,13.302,7.993,9.99,11.099,11.473,6.607,11.134,7.524,11.596,9.739,8.144,6.738,9.262,8.429,8.98,9.016,7.828,5.733,6.534,7.087,9.63,8.292,early,3582.0,0
DEMO-0539,7.875,8.865,7.424,11.947,11.364,9.977,11.999,10.76,8.569,12.738,7.434,5.643,11.5,6.072,5.549,8.956,6.587,10.202,5.64,9.02,5.669,6.123,9.757,11.161,4.659,9.745,5.738,10.232,8.863,7.567,5.765,9.432,12.208,9.079,10.317,5.876,7.855,6.0,8.35,10.065,8.655,early,1757.0,0
DEMO-0540,7.39,8.087,7.559,11.393,10.609,9.4,9.388,9.364,6.577,12.394,6.04,6.66,11.277,6.808,5.295,8.398,5.86,9.738,4.745,10.038,4.667,6.653,13.624,11.916,6.756,11.208,7.285,11.241,8.178,6.927,6.042,10.314,10.188,9.072,9.087,6.593,6.575,7.122,8.369,7.975,7.263,early,2825.0,1
DEMO-0541,7.991,10.277,7.546,9.59,10.499,9.409,10.317,11.991,8.982,13.063,9.093,7.224,13.999,7.862,6.589,9.28,6.471,10.494,7.631,9.441,6.126,8.466,10.858,11.988,5.736,11.007,6.327,9.239,9.471,5.896,3.77,8.398,8.877,8.68,7.803,6.263,7.033,6.699,8.051,9.001,8.558,early,2024.0,0
DEMO-0542,8.103,8.791,7.669,12.252,11.583,10.639,12.879,9.541,7.534,12.571,7.565,7.375,10.48,6.343,7.039,10.945,5.395,11.095,6.613,10.473,7.304,8.694,10.973,10.899,5.916,10.477,7.403,9.671,8.892,7.552,7.482,8.514,8.791,11.206,9.892,6.777,6.852,6.647,8.914,10.817,8.442,early,356.0,0
DEMO-0543,7.318,9.153,8.765,11.255,10.616,10.547,10.023,10.975,8.075,14.797,7.015,7.763,12.524,6.815,8.139,9.737,6.963,11.702,7.506,9.814,8.19,9.243,11.91,13.216,6.971,10.366,8.09,10.944,9.609,8.218,7.259,11.286,11.608,11.017,10.129,7.742,5.627,5.958,7.334,9.187,7.511,late,703.0,1
DEMO-0544,5.059,7.475,6.597,8.719,11.263,8.829,10.633,10.426,8.45,12.229,6.78,5.718,12.547,7.904,7.246,8.217,6.35,9.958,6.39,10.709,6.794,6.999,9.672,11.424,6.717,10.787,7.324,10.292,7.932,9.708,8.229,11.814,11.735,11.038,12.135,8.63,5.706,7.115,6.504,10.483,9.495,early,1724.0,0
DEMO-0545,6.577,7.019,6.7,9.547,10.133,8.875,10.292,9.531,6.955,10.059,7.856,5.902,11.953,6.714,8.288,11.646,7.244,8.953,7.653,10.387,7.819,8.671,11.222,11.165,6.191,11.224,8.816,11.922,10.241,7.986,6.131,7.931,9.483,9.451,8.597,5.155,6.302,5.908,7.349,9.3,7.506,early,1848.0,1
DEMO-0546,6.265,9.423,7.785,11.421,10.428,9.38,12.015,9.469,7.549,9.417,7.181,3.654,12.139,4.812,8.368,11.93,9.279,11.066,6.646,10.664,8.821,10.417,10.911,11.408,5.832,10.329,7.905,11.117,10.872,8.272,6.723,12.164,11.318,11.882,11.2,7.551,6.116,5.928,7.935,10.006,7.513,late,636.0,1
DEMO-0547,5.261,10.292,7.491,10.941,11.458,9.562,10.179,10.907,8.523,12.276,7.472,6.895,11.516,7.106,7.437,10.759,6.911,10.968,6.35,8.803,8.098,7.553,10.018,12.365,4.716,10.826,6.861,12.066,10.36,9.706,6.254,8.098,8.84,9.501,8.224,6.991,7.97,6.892,7.733,9.059,8.379,early,499.0,1
DEMO-0548,5.447,8.858,7.64,10.948,10.841,10.125,11.125,11.988,8.361,14.914,8.124,7.172,12.165,8.584,7.713,11.143,7.546,10.157,6.886,9.19,7.021,8.489,11.994,12.061,6.126,12.031,7.309,10.182,7.75,6.838,6.078,10.175,12.613,9.933,11.914,5.699,6.337,5.884,7.378,9.507,9.112,early,2265.0,0
DEMO-0549,6.397,9.312,6.998,11.435,10.46,9.57,10.307,8.628,7.223,11.068,6.186,4.46,10.883,5.986,8.429,9.302,7.505,11.188,8.199,8.881,8.856,8.499,8.724,9.15,6.872,8.922,6.744,10.628,10.386,7.431,6.785,10.531,10.6,11.996,10.172,8.138,7.933,6.209,9.334,8.31,8.215,early,574.0,0
DEMO-0550,7.772,10.057,8.302,10.675,10.745,9.008,11.13,7.463,5.986,8.986,4.204,3.989,9.886,3.745,5.445,8.62,6.045,9.998,5.56,9.554,6.06,6.941,10.792,11.724,5.354,9.248,8.627,11.404,9.362,7.859,6.352,8.885,12.196,10.343,8.899,6.035,8.161,4.285,7.316,9.286,9.978,early,3139.0,1
DEMO-0551,7.739,8.412,8.811,10.967,12.167,9.478,11.596,9.38,8.074,13.556,7.074,5.414,12.545,7.703,7.238,9.03,5.505,10.618,6.419,8.794,5.976,7.645,9.978,11.908,5.353,10.441,8.078,10.867,9.058,8.399,7.033,11.108,11.001,11.661,10.536,8.086,6.311,6.998,7.741,9.718,7.474,late,895.0,1
DEMO-0552,7.117,11.571,8.663,10.44,12.783,9.625,12.572,9.659,7.651,11.766,6.128,4.988,10.187,4.431,6.943,8.929,4.982,9.785,7.14,8.073,6.261,8.076,11.701,10.277,5.538,11.509,8.863,11.073,10.492,7.89,4.116,6.429,8.802,9.14,6.144,5.622,7.012,5.711,6.717,10.454,8.623,early,2019.0,0
DEMO-0553,6.807,8.836,6.235,10.531,10.914,10.082,10.462,7.879,5.704,10.814,5.886,5.074,9.118,4.745,6.206,8.834,5.992,10.326,7.099,9.767,8.383,8.767,11.128,11.768,6.357,11.215,7.625,10.461,11.178,7.854,5.754,9.108,10.263,8.778,10.29,5.987,5.401,7.277,8.083,10.086,6.614,early,2911.0,0
DEMO-0554,7.551,9.936,6.605,9.743,10.821,10.095,10.621,10.071,6.373,11.893,6.338,6.031,12.383,6.499,6.894,9.754,7.165,10.997,8.168,9.806,6.544,10.811,9.497,12.525,6.945,11.101,8.67,11.165,8.508,6.178,8.186,8.262,11.116,10.311,8.954,7.238,6.585,7.521,7.855,8.648,8.133,early,205.0,1
DEMO-0555,7.48,9.276,7.797,8.88,10.31,9.127,10.073,8.167,6.929,10.692,6.151,4.636,12.328,6.015,6.658,6.686,5.654,9.829,4.643,8.643,6.097,6.771,12.088,10.958,6.361,11.303,8.398,11.613,9.966,10.488,7.786,9.992,10.669,10.447,8.864,5.949,7.817,6.192,8.486,10.663,8.566,early,3502.0,0
DEMO-0556,7.722,10.858,8.711,13.131,10.642,11.094,11.968,9.677,6.978,11.605,7.382,7.199,11.308,7.795,7.168,9.926,7.319,10.922,5.894,8.008,8.169,7.507,11.882,12.142,6.419,10.797,9.657,12.474,10.717,7.862,5.266,10.807,11.017,11.532,9.688,5.751,6.007,7.079,7.395,8.405,7.913,early,520.0,0
DEMO-0557,8.012,13.554,8.007,13.142,11.539,10.962,12.667,9.307,8.612,12.401,6.971,7.132,12.648,8.446,6.654,10.046,5.234,11.247,7.009,8.266,6.262,9.155,11.012,10.747,6.046,10.561,6.82,10.707,8.492,8.712,7.501,10.538,10.863,10.663,9.664,7.165,6.39,6.299,9.628,9.221,7.071,late,398.0,1
DEMO-0558,6.771,9.372,8.653,10.13,11.132,9.702,11.028,9.061,7.362,13.283,7.577,6.491,11.994,8.5,5.054,9.541,5.836,9.609,6.218,8.922,7.909,7.369,11.205,13.233,6.802,10.153,6.927,12.493,9.637,9.741,9.119,8.715,8.58,8.206,7.458,6.709,8.213,6.174,8.804,9.444,9.478,early,621.0,1
DEMO-0559,6.1,7.131,5.869,8.899,9.459,9.569,10.356,11.39,6.859,12.822,6.606,6.899,10.94,6.216,6.559,8.321,5.993,8.937,4.492,8.059,6.103,6.693,10.409,12.102,7.482,9.455,7.788,11.973,9.762,9.122,8.217,9.566,11.215,9.597,9.402,5.545,6.048,7.074,6.929,9.463,8.472,early,1966.0,0
DEMO-0560,8.262,9.43,5.684,11.262,10.848,10.351,12.58,10.278,7.696,10.742,6.114,6.555,11.165,7.052,9.399,10.908,6.273,11.221,6.797,9.83,7.465,9.23,12.391,12.443,7.039,11.486,7.852,11.455,8.581,9.785,7.347,8.677,9.958,8.158,7.624,5.822,6.814,5.516,7.305,8.664,9.281,early,433.0,1
DEMO-0561,7.701,8.916,6.59,8.174,11.34,7.786,9.181,9.142,8.378,10.389,6.289,6.036,10.189,6.358,7.702,10.94,7.731,8.475,8.046,8.956,5.943,8.52,10.762,10.831,7.554,11.296,8.84,13.304,11.711,6.628,7.026,9.971,11.819,12.251,10.405,6.604,6.896,5.695,7.899,9.667,7.962,early,141.0,1
DEMO-0562,4.718,9.484,6.974,8.64,8.033,8.158,11.332,11.007,9.594,13.33,7.437,7.417,12.302,6.685,8.634,9.81,8.508,8.498,6.053,11.194,7.181,8.813,10.266,11.298,5.378,8.751,8.53,11.019,8.969,6.968,6.825,10.098,11.43,10.92,9.226,7.781,6.634,5.513,6.63,9.031,8.936,late,931.0,1
DEMO-0563,8.703,12.072,7.878,12.389,11.349,11.883,11.244,9.033,6.078,9.878,5.979,6.849,10.154,4.697,6.606,10.042,7.093,10.008,7.15,10.182,8.528,8.983,12.146,11.711,5.593,11.492,8.784,11.749,8.053,9.278,6.031,9.997,11.525,11.646,10.432,5.084,7.189,5.821,7.423,8.589,7.802,early,952.0,0
DEMO-0564,8.393,8.81,6.169,10.061,10.291,10.416,12.221,10.057,8.405,11.077,6.238,7.194,11.45,5.734,5.384,10.628,8.031,10.678,5.92,9.48,9.818,8.748,10.792,12.516,5.29,11.887,8.457,10.97,9.926,8.616,7.324,11.941,11.869,12.529,11.348,4.931,8.424,6.539,8.305,9.003,8.773,early,300.0,1
DEMO-0565,5.108,8.37,6.784,10.396,10.017,8.782,10.346,11.165,7.829,14.372,8.577,6.702,13.006,8.108,6.193,10.503,6.062,10.024,7.512,9.718,7.393,9.115,10.61,11.615,6.511,11.651,8.139,11.973,9.691,8.008,6.103,11.859,12.461,11.05,10.784,6.902,6.32,6.098,9.263,9.446,8.823,early,2900.0,1
DEMO-0566,8.247,9.484,7.85,11.473,11.938,11.143,12.25,11.039,8.005,12.629,8.348,6.031,13.977,9.718,9.309,10.41,8.878,12.621,8.694,10.889,8.267,10.564,8.368,10.905,3.252,7.417,8.837,10.165,9.376,7.824,6.28,8.627,8.127,8.918,7.885,6.004,7.098,5.847,7.804,8.82,7.724,early,837.0,0
DEMO-0567,8.501,8.726,8.298,12.849,11.147,10.19,12.7,9.515,9.394,12.958,8.82,7.685,12.47,8.139,8.992,9.995,6.413,12.103,8.272,9.896,8.147,8.501,11.442,12.718,8.395,12.22,7.704,12.022,9.61,7.621,7.508,8.381,6.865,9.069,8.749,6.153,7.553,7.136,6.83,8.079,9.035,early,877.0,0
DEMO-0568,7.226,8.297,7.229,8.946,10.3,8.343,9.774,9.767,7.546,12.478,8.116,6.046,12.267,6.945,4.717,7.744,5.384,9.221,5.34,9.405,5.243,5.177,14.264,11.249,6.684,11.883,6.498,10.017,8.038,10.185,7.565,10.208,8.487,9.052,9.459,6.507,6.173,6.747,7.567,9.596,9.003,early,1272.0,1
DEMO-0569,8.353,10.247,7.965,9.733,10.785,9.186,12.06,8.641,7.17,11.333,6.153,5.816,11.097,4.314,7.427,11.274,8.622,10.569,6.036,8.238,7.718,9.717,12.068,10.914,7.051,10.01,8.173,11.025,8.809,8.339,5.628,11.23,9.481,11.772,9.821,6.613,5.771,6.897,7.418,9.896,8.521,early,2354.0,0
DEMO-0570,6.173,9.297,5.528,9.903,11.477,8.505,10.117,10.011,7.807,11.475,7.415,4.555,11.158,7.678,7.983,9.247,6.765,10.624,6.678,10.057,8.658,8.267,10.533,11.597,7.086,10.908,9.021,11.13,9.378,9.133,7.936,10.787,11.469,9.941,7.872,6.946,6.122,6.665,7.23,9.947,7.454,early,411.0,0
DEMO-0571,6.639,7.83,6.002,11.089,9.447,8.153,11.439,6.971,6.289,9.95,4.877,4.729,9.649,3.755,7.283,9.856,6.351,10.832,7.166,9.955,8.134,9.185,10.292,10.684,5.573,10.586,8.159,11.902,10.923,8.318,6.04,9.18,8.803,10.965,9.639,6.737,7.099,6.023,8.308,8.454,8.66,early,2952.0,0
DEMO-0572,8.705,8.968,6.872,9.83,10.03,11.328,11.648,8.953,6.444,11.145,8.163,4.902,10.917,6.487,6.934,8.624,7.785,11.346,6.158,10.805,4.066,7.565,11.205,10.425,7.091,10.543,7.964,10.5,8.855,7.283,4.82,9.194,11.016,10.717,10.475,6.467,8.247,6.157,8.744,9.027,9.389,early,1268.0,0
DEMO-0573,5.436,7.2,7.184,7.915,9.839,7.615,9.36,11.088,8.13,10.502,7.814,5.166,11.387,6.619,6.668,8.318,7.19,8.622,5.821,9.649,7.632,8.091,12.564,10.735,5.531,11.446,5.888,10.661,8.896,10.13,6.95,9.386,10.263,9.319,7.515,7.543,7.214,7.268,8.649,9.423,8.783,early,1950.0,1
DEMO-0574,8.521,10.262,8.434,11.735,11.331,9.531,9.949,8.796,6.081,11.474,5.947,7.401,11.072,6.026,7.244,9.278,8.616,10.031,6.093,10.573,7.659,8.771,10.825,10.826,6.722,10.42,9.571,12.253,9.562,4.611,3.506,9.753,10.728,9.609,9.434,7.056,7.242,6.047,7.901,10.805,7.443,early,3619.0,1
DEMO-0575,8.151,9.712,7.281,11.703,10.219,8.832,11.416,10.613,9.571,13.037,8.871,6.668,12.144,8.169,7.206,10.953,7.761,11.077,7.857,9.985,7.925,8.687,10.683,9.879,6.013,10.638,8.361,10.649,11.387,9.23,7.086,9.274,9.051,10.282,10.544,7.348,6.826,6.365,7.212,7.562,8.866,late,308.0,1
DEMO-0576,7.435,8.9,8.09,11.667,11.588,10.882,11.836,12.401,7.843,12.533,6.497,6.509,10.645,6.631,8.547,10.897,8.673,11.23,8.485,9.698,7.699,8.874,11.597,12.698,6.519,10.354,7.361,9.417,9.148,8.905,6.877,11.299,11.132,10.342,9.881,7.371,5.902,6.454,7.177,8.196,5.577,early,913.0,0
DEMO-0577,7.134,7.766,6.252,10.642,10.443,9.625,11.105,10.153,8.108,11.762,8.034,5.819,9.764,6.116,6.81,9.144,4.849,8.553,4.36,8.343,5.177,5.385,11.891,11.252,8.292,11.752,8.384,12.103,10.089,9.43,8.699,9.83,8.976,9.877,10.364,5.782,6.649,6.026,7.762,10.04,8.638,late,775.0,1
DEMO-0578,8.255,10.143,7.512,9.469,10.164,8.892,11.236,9.456,6.905,11.673,5.962,6.114,11.854,6.335,6.895,9.311,7.881,10.521,6.596,9.463,7.048,9.937,12.403,12.958,7.35,9.915,8.226,9.103,8.167,8.526,8.004,9.175,8.923,11.106,7.839,5.849,6.341,5.95,7.336,9.034,8.574,late,1639.0,1
DEMO-0579,7.02,9.399,7.505,8.631,10.037,8.611,10.041,9.174,7.013,10.832,6.581,5.393,11.331,6.38,8.358,10.963,8.859,11.359,7.79,11.566,9.249,9.888,9.97,11.689,6.256,10.428,5.792,10.572,7.98,9.502,6.521,8.673,8.602,8.232,7.405,7.018,6.158,6.557,7.498,9.992,8.393,early,3839.0,0
DEMO-0580,6.847,7.994,6.987,9.222,10.725,9.184,9.954,11.013,8.825,12.696,7.39,6.373,13.628,6.618,8.305,10.975,8.661,10.394,7.9,10.18,6.749,8.196,11.71,11.137,7.229,10.979,6.466,12.004,8.531,9.838,9.653,10.646,12.12,11.166,10.133,7.041,7.604,7.81,8.587,9.38,9.0,early,1695.0,1
DEMO-0581,7.862,9.211,7.012,10.37,10.39,10.347,9.91,7.799,7.513,9.926,6.814,4.483,11.904,6.799,8.982,11.666,8.942,12.711,8.862,11.122,10.304,11.418,12.441,12.048,8.767,10.776,9.99,12.192,11.197,8.725,6.992,10.743,12.538,10.298,11.088,6.579,7.743,6.795,6.635,9.586,7.899,late,190.0,1
DEMO-0582,8.125,9.732,8.534,10.096,12.163,10.335,9.882,8.638,6.857,11.455,6.332,5.351,11.608,6.575,6.675,10.109,6.605,9.882,6.556,9.441,6.706,7.999,14.236,13.212,5.706,12.635,8.342,10.552,10.657,6.678,7.187,9.724,11.143,12.207,10.621,7.567,6.767,7.129,9.354,7.805,8.861,late,1392.0,1
DEMO-0583,7.819,9.575,6.897,10.966,9.908,9.766,11.523,11.809,6.617,13.586,8.986,7.427,13.107,7.577,7.15,7.97,6.885,10.642,5.228,9.466,5.335,7.752,9.979,11.177,6.259,11.357,8.201,12.075,11.145,4.99,5.649,9.072,10.741,9.189,8.499,5.526,6.789,6.866,8.201,8.555,8.555,early,2204.0,0
DEMO-0584,8.574,9.721,7.9,11.605,11.042,9.248,11.851,8.759,7.671,11.414,6.119,6.568,11.77,4.658,7.612,9.987,8.639,11.021,6.924,10.743,8.585,10.077,10.447,11.039,7.082,11.081,7.318,12.16,9.927,5.692,4.1,9.452,9.389,8.496,7.816,5.557,7.519,5.911,8.859,10.024,8.056,early,1505.0,0
DEMO-0585,6.542,9.277,6.56,9.705,11.54,9.217,9.466,9.575,8.546,12.683,7.826,6.155,12.275,7.495,7.883,10.424,7.555,12.265,8.47,9.93,7.801,11.625,10.257,10.404,5.3,8.878,5.839,10.606,8.101,7.013,7.474,6.932,8.3,8.447,7.652,6.494,6.36,6.017,6.71,8.809,7.2,early,919.0,0
DEMO-0586,7.406,8.558,9.202,11.386,11.437,10.018,11.562,9.652,9.263,11.636,8.966,6.168,12.273,7.135,7.625,9.234,5.856,9.426,7.007,7.693,7.388,7.303,12.236,13.718,8.7,11.679,7.912,11.102,9.449,8.226,6.966,10.47,13.245,10.675,11.005,5.431,6.858,6.371,7.857,8.8,9.488,late,381.0,0
DEMO-0587,8.322,10.005,7.845,12.228,10.691,9.682,10.625,8.76,8.122,11.956,7.744,5.667,11.988,7.942,7.408,10.296,7.55,10.86,8.91,10.2,8.724,8.025,11.221,12.393,6.803,11.493,8.818,13.355,10.974,8.163,6.406,9.211,9.357,10.62,10.358,6.854,6.637,5.649,7.222,8.011,8.066,early,2003.0,1
DEMO-0588,7.266,9.203,6.787,11.1,11.768,10.336,11.557,9.361,5.957,10.201,6.691,4.789,10.347,5.311,7.53,10.645,6.9,8.861,7.94,9.178,8.543,7.664,11.549,15.088,7.308,11.918,9.152,12.591,10.726,7.011,6.607,9.362,11.716,10.314,8.861,4.943,6.841,5.828,7.682,7.942,8.968,early,4396.0,0
DEMO-0589,7.591,9.083,7.873,10.666,10.488,10.056,11.601,10.462,8.325,11.66,7.236,6.065,9.955,6.879,6.497,9.637,7.31,10.359,7.352,12.299,7.487,10.233,9.551,9.615,4.352,10.321,6.512,9.453,7.678,7.989,5.396,11.066,12.044,10.856,10.279,8.526,6.975,7.806,7.747,8.96,7.75,early,662.0,0
DEMO-0590,6.338,7.835,6.429,8.572,10.392,7.19,10.877,8.563,5.976,11.564,6.564,5.966,11.947,6.055,8.021,11.956,7.021,10.48,7.399,10.942,7.583,8.611,11.138,11.612,7.807,9.329,7.728,10.095,8.68,10.154,8.258,10.385,11.245,9.621,7.961,6.73,7.041,5.168,6.996,9.433,9.038,early,2963.0,1
DEMO-0591,5.58,8.265,7.548,10.099,10.216,7.556,11.404,9.44,8.96,12.013,8.081,7.057,10.245,6.466,9.674,11.966,8.884,12.856,8.648,11.479,8.756,10.817,12.873,12.373,8.068,12.341,8.151,9.819,9.572,8.051,7.008,10.004,11.47,11.006,9.295,5.828,6.064,6.394,7.065,8.369,9.056,early,2801.0,0
DEMO-0592,7.376,9.361,9.753,12.111,10.833,10.034,11.418,7.807,5.152,9.951,7.528,6.701,10.475,5.774,7.751,9.675,7.14,10.468,5.644,8.529,5.487,7.113,12.179,11.437,4.192,10.129,6.657,11.233,10.265,7.301,5.614,9.932,11.808,11.004,10.741,5.104,7.167,6.487,6.873,9.16,8.684,early,2176.0,0
DEMO-0593,6.878,9.263,8.268,9.297,9.096,8.572,10.227,10.083,7.851,14.479,8.821,5.992,11.639,7.63,7.367,9.967,7.19,10.487,6.318,10.953,7.114,7.635,11.643,11.277,4.584,11.202,7.918,10.262,11.104,8.631,7.806,9.434,10.244,9.754,8.592,5.858,6.512,5.791,7.379,9.173,8.039,late,237.0,1
DEMO-0594,8.804,9.106,6.596,10.812,11.411,10.507,10.832,10.646,7.391,12.676,7.835,7.361,11.804,7.223,5.339,9.325,5.686,8.308,6.552,8.383,5.224,7.581,9.291,10.33,4.329,9.469,7.095,11.416,10.825,8.609,5.329,10.205,11.962,12.143,10.033,7.382,7.06,7.774,8.569,9.835,8.323,late,388.0,0
DEMO-0595,7.253,10.5,9.026,10.994,10.248,10.395,12.397,11.452,8.9,14.012,8.309,8.784,13.185,9.426,9.595,11.015,7.333,11.18,7.569,9.135,7.615,8.174,13.538,14.165,9.077,12.562,7.709,10.729,10.211,8.379,8.647,8.831,8.989,9.501,8.382,6.446,7.829,6.905,8.2,8.987,9.191,late,1674.0,1
DEMO-0596,5.997,7.536,5.827,7.99,10.752,7.785,8.135,10.918,7.673,9.627,8.435,5.531,10.245,6.084,6.736,7.944,6.017,9.714,6.46,9.614,6.729,8.145,12.139,12.241,5.57,11.187,9.662,10.35,9.157,5.269,6.165,10.112,9.528,10.328,8.153,6.119,6.799,5.843,8.808,9.031,8.441,early,1863.0,1
DEMO-0597,6.567,8.832,7.913,9.129,10.665,7.807,9.915,11.041,5.798,12.628,5.182,4.108,11.654,8.488,7.736,10.485,8.045,9.598,5.544,10.434,6.513,7.25,10.721,9.621,5.674,9.099,7.604,10.245,8.411,9.704,7.914,9.325,9.339,9.533,8.427,6.608,6.689,6.415,8.154,9.618,8.689,early,2162.0,0
DEMO-0598,6.746,7.633,8.048,10.34,10.194,9.973,11.108,9.635,8.636,12.415,6.779,6.3,11.715,8.709,6.545,10.437,6.469,10.991,7.578,9.902,6.614,9.74,9.172,11.835,7.369,11.459,6.4,10.486,9.253,6.743,5.154,9.951,10.822,10.173,10.059,6.986,7.282,7.125,7.212,9.528,8.861,early,102.0,1
DEMO-0599,6.739,8.928,6.516,9.645,9.7,8.835,9.455,9.48,6.069,10.12,7.805,4.876,10.825,6.495,7.865,12.658,7.087,12.194,7.076,10.184,9.289,9.943,10.947,9.653,6.388,10.233,7.895,10.066,10.687,8.115,6.971,9.333,8.295,9.125,9.503,5.843,5.929,6.677,8.242,10.455,8.202,late,1097.0,1
DEMO-0600,6.938,8.205,7.413,9.366,12.032,8.492,10.001,8.394,6.557,10.251,6.398,5.429,10.008,7.153,7.437,10.564,6.428,10.158,7.227,10.019,6.55,9.489,12.036,12.659,6.818,9.727,8.216,10.396,10.612,8.6,7.159,8.495,8.399,9.092,8.339,7.234,6.46,6.41,7.612,10.274,8.322,early,1959.0,1
DEMO-0601,6.869,9.738,8.336,10.694,11.63,10.006,9.575,8.972,8.416,11.324,6.791,5.083,12.084,5.918,5.994,10.587,6.846,10.85,6.202,8.457,7.412,7.213,9.439,10.574,5.927,10.68,8.588,10.559,9.99,8.768,7.603,9.98,7.829,9.915,8.295,4.534,6.078,6.687,8.194,8.713,8.671,early,857.0,0
DEMO-0602,6.479,7.774,6.851,10.5,10.806,9.706,10.858,9.237,6.68,10.896,6.823,4.643,11.867,5.667,6.925,9.104,5.451,10.262,6.425,10.656,6.57,7.289,11.972,10.81,8.093,11.232,8.297,12.564,9.754,8.055,6.378,9.683,10.221,8.656,10.648,7.142,6.77,6.452,8.205,9.659,7.294,early,1705.0,0
DEMO-0603,6.057,8.509,6.595,10.748,9.7,10.155,9.481,11.983,8.802,13.033,7.097,6.884,13.336,7.515,7.162,10.304,8.217,11.174,7.235,10.819,7.722,8.228,10.386,10.147,6.011,9.989,5.956,8.98,8.194,7.734,6.182,9.295,9.473,8.719,7.697,6.898,8.851,6.377,8.32,9.208,8.142,early,1819.0,1
DEMO-0604,6.72,8.142,7.163,9.658,10.021,7.21,8.663,11.294,8.585,12.398,9.141,6.185,13.126,7.362,8.543,10.801,5.737,9.738,6.825,10.826,6.25,8.029,10.561,11.174,5.256,10.37,6.731,10.16,9.408,8.807,9.749,7.316,8.586,9.858,7.8,5.299,6.275,5.599,6.536,7.854,8.101,early,1660.0,1
DEMO-0605,8.468,10.592,8.547,12.831,10.874,10.588,13.014,7.858,7.373,9.721,4.929,4.088,9.657,5.689,6.482,9.295,6.223,11.173,6.236,9.158,7.786,7.503,10.752,9.207,4.079,10.075,5.855,10.57,10.449,7.661,8.068,10.453,12.2,11.628,9.033,5.012,6.326,4.659,7.218,8.793,6.931,early,3200.0,1
DEMO-0606,7.585,10.201,8.631,11.6,11.446,11.981,10.28,7.203,6.533,11.294,5.242,5.634,9.776,4.385,8.043,11.228,7.106,9.853,5.637,10.826,8.726,8.945,11.443,11.118,5.284,11.172,7.016,10.561,8.992,7.756,6.562,8.763,10.962,10.661,9.634,6.564,6.88,6.311,6.641,9.602,8.61,early,2731.0,0
DEMO-0607,6.956,9.911,8.645,11.216,12.361,9.499,10.884,8.777,8.032,11.949,6.629,5.473,9.548,6.626,9.093,10.161,8.36,11.866,6.811,10.818,8.151,9.522,11.129,11.894,5.734,11.653,7.819,10.418,9.759,9.68,6.745,9.593,8.788,10.429,7.897,6.922,6.873,5.942,8.327,8.863,7.913,late,913.0,0
DEMO-0608,7.384,9.097,8.235,10.755,10.195,9.738,10.992,10.767,7.704,11.509,6.793,6.026,12.025,7.714,7.375,11.218,8.276,10.84,9.016,10.481,7.604,7.883,10.993,10.959,5.021,8.084,7.864,10.349,11.461,7.468,4.176,9.358,10.593,9.289,8.554,5.545,7.592,6.554,7.74,9.626,8.037,early,4026.0,0
DEMO-0609,6.717,8.702,6.716,9.744,9.279,10.299,9.977,10.084,6.802,11.443,9.183,5.365,12.133,4.951,5.615,8.655,5.251,9.119,4.337,8.451,6.702,6.287,13.818,13.621,7.756,11.853,6.736,12.515,9.589,9.006,7.575,10.603,10.211,10.282,8.049,6.66,6.646,6.653,7.925,9.473,7.901,early,647.0,0
DEMO-0610,8.865,11.611,8.981,13.534,11.714,11.61,12.18,9.686,7.797,13.797,9.405,5.886,12.038,7.83,6.044,9.974,8.421,9.635,6.42,9.443,6.289,6.651,9.899,10.044,6.166,10.446,7.679,10.72,9.707,8.583,6.634,10.201,10.828,10.192,10.65,5.418,6.717,7.206,7.485,8.25,10.216,early,1725.0,1
DEMO-0611,5.22,7.198,6.748,8.635,8.76,8.349,10.689,11.037,8.042,12.323,6.929,6.171,13.692,7.633,8.416,11.582,7.796,9.966,8.259,9.693,7.107,7.512,10.391,11.117,5.327,10.797,8.594,11.777,9.547,11.053,10.407,9.548,9.806,8.573,9.368,5.221,5.675,5.454,7.844,8.277,6.115,late,423.0,1
DEMO-0612,8.613,12.463,8.717,12.622,11.649,10.981,11.091,8.711,8.033,10.916,6.628,5.042,10.427,6.855,7.387,9.428,7.886,12.061,7.106,9.78,8.519,7.848,12.281,11.357,7.871,13.291,8.687,12.677,11.156,7.81,6.367,8.678,8.748,9.548,8.186,6.72,6.804,6.097,7.717,9.177,9.074,early,2238.0,1
DEMO-0613,6.629,10.494,7.302,11.017,10.587,10.484,11.678,8.924,7.569,12.223,8.751,6.17,11.164,7.793,7.696,9.487,7.887,10.039,7.144,9.928,7.592,10.337,12.241,10.563,5.687,9.316,9.638,11.911,9.771,7.41,7.232,9.841,11.005,10.967,10.628,7.26,5.984,6.27,9.344,8.95,7.899,early,2637.0,1
DEMO-0614,6.843,8.914,6.193,9.656,10.797,10.032,10.783,10.279,5.34,10.907,5.929,5.105,10.922,5.274,9.139,11.839,7.272,13.017,6.668,10.44,8.912,9.101,10.478,10.939,5.252,9.9,6.809,11.248,8.862,7.599,6.303,11.266,12.269,12.919,10.567,6.956,7.367,7.823,7.913,9.852,8.75,early,3389.0,0
DEMO-0615,4.935,8.031,6.896,9.482,11.232,8.497,9.936,9.158,8.3,11.531,5.219,5.382,11.045,7.482,8.404,11.784,7.948,11.416,7.752,11.845,8.671,8.85,10.1,10.287,5.052,10.206,8.963,11.245,11.386,9.828,7.49,9.0,11.36,10.041,10.794,7.901,6.0,7.627,7.719,8.868,8.228,early,4172.0,0
DEMO-0616,7.693,9.719,6.249,9.147,9.576,9.364,11.392,9.299,7.031,11.425,5.958,4.979,10.242,6.374,6.478,11.227,7.267,9.405,6.344,9.777,8.045,6.287,12.297,12.816,5.939,12.403,6.567,10.992,7.848,8.576,6.387,9.502,10.585,10.187,8.369,8.257,7.021,7.94,6.114,7.808,6.371,early,2656.0,1
DEMO-0617,7.071,8.39,7.053,9.674,10.926,9.686,10.067,9.798,7.007,12.008,5.683,5.345,10.63,6.064,5.905,11.544,6.699,9.961,7.565,11.038,7.487,7.805,10.686,9.156,7.066,10.521,6.77,10.492,9.307,7.873,5.705,8.546,9.535,9.593,8.561,6.283,6.666,6.908,6.772,9.096,9.18,early,2685.0,0
DEMO-0618,5.804,8.128,5.483,9.379,11.925,9.002,9.988,10.942,6.107,11.783,5.701,6.465,9.8,5.382,7.658,10.101,7.956,10.798,7.273,10.275,8.472,9.753,11.888,13.177,8.479,11.517,7.343,11.882,8.082,9.499,9.45,11.201,11.918,10.216,10.458,6.199,5.759,5.816,6.981,8.767,8.727,early,1835.0,0
DEMO-0619,6.879,9.25,8.04,11.518,10.697,10.089,10.716,9.922,6.439,11.852,7.455,5.853,13.09,6.01,7.995,10.477,8.007,10.529,6.592,9.37,7.981,8.496,12.23,12.288,6.108,12.232,6.227,10.567,9.408,7.669,6.942,10.189,10.747,11.079,8.169,6.945,6.243,5.904,7.908,8.787,7.077,late,84.0,1
DEMO-0620,6.066,8.668,5.952,9.379,10.755,8.748,9.852,11.244,8.266,14.394,8.512,6.9,10.884,8.962,7.057,8.415,6.399,8.378,6.225,9.817,7.905,6.406,11.938,12.358,5.214,9.783,8.253,11.18,10.309,7.133,4.94,9.309,10.552,9.377,8.634,6.821,8.558,5.077,7.479,9.268,8.311,early,1510.0,1
DEMO-0621,8.251,11.347,9.214,12.913,11.888,11.181,11.61,8.293,8.247,12.146,6.015,7.341,11.502,5.58,4.928,8.41,5.029,9.272,5.963,8.535,6.428,7.58,11.339,12.845,7.289,11.037,7.618,11.105,9.238,7.188,7.401,10.093,10.243,10.759,8.567,6.883,6.207,6.454,7.835,8.942,7.732,early,1725.0,0
DEMO-0622,6.903,8.833,7.61,10.19,10.439,9.721,9.252,8.325,8.104,12.527,7.082,5.988,10.452,8.348,5.043,8.149,4.715,10.874,6.125,7.619,5.673,6.88,10.823,11.638,5.965,10.157,7.201,10.594,9.057,7.874,7.285,8.614,7.73,12.365,8.952,5.29,8.202,5.57,8.462,9.687,9.203,early,4.0,1
DEMO-0623,8.445,10.503,8.623,10.179,9.864,9.428,10.513,10.089,7.997,11.448,6.396,5.704,11.993,5.859,7.023,10.462,5.769,9.052,7.275,11.712,7.762,7.069,11.197,11.303,7.452,11.169,7.299,12.254,9.702,7.859,7.026,10.776,10.783,10.323,10.109,6.63,7.622,6.279,9.287,10.469,6.144,early,2418.0,0
DEMO-0624,6.918,9.799,7.773,10.047,10.774,9.623,10.763,11.404,9.692,13.407,8.245,6.837,13.633,8.026,8.238,9.831,7.681,9.889,6.674,9.729,5.571,6.914,10.12,9.771,4.867,10.347,6.747,12.718,9.942,6.009,5.368,8.945,10.473,8.833,8.702,6.034,6.072,7.454,7.735,8.257,7.581,early,371.0,1
DEMO-0625,7.538,8.295,6.922,9.308,9.149,8.763,11.269,9.044,7.677,10.876,5.747,6.494,10.282,5.489,6.313,8.483,6.512,10.354,6.366,8.796,6.78,8.57,10.997,11.737,3.991,9.82,8.104,11.082,11.051,9.642,8.143,7.784,8.97,10.201,9.335,4.506,7.851,6.073,7.987,9.637,7.934,early,619.0,0
DEMO-0626,8.247,11.067,8.147,10.606,11.097,8.604,11.265,10.515,9.278,15.018,8.591,5.587,11.896,7.184,7.069,10.003,6.543,9.42,7.061,8.964,6.624,6.081,9.663,11.335,6.285,10.715,8.754,11.18,9.075,7.659,6.572,8.607,10.108,9.951,10.606,6.354,6.878,7.141,8.479,8.428,7.6,early,2412.0,0
DEMO-0627,6.931,10.065,7.716,10.665,10.458,9.471,10.824,9.528,7.85,10.503,6.989,6.801,10.966,5.46,8.336,9.142,6.626,10.922,6.252,10.774,7.764,9.417,13.246,13.581,8.073,11.013,8.277,10.688,9.628,10.072,7.219,12.391,12.028,10.839,12.306,5.867,6.14,6.401,8.786,9.297,8.955,early,1393.0,1
DEMO-0628,9.378,10.174,10.429,13.456,12.741,11.799,13.695,8.773,7.53,11.163,7.688,6.688,11.213,5.879,6.604,8.048,5.87,8.755,6.234,9.162,6.659,7.301,12.825,8.932,6.586,12.455,6.715,9.574,8.849,7.871,7.457,10.579,10.531,8.99,7.42,6.105,6.404,6.354,7.662,10.095,8.875,early,3118.0,0
DEMO-0629,5.396,7.919,5.421,9.63,9.689,9.097,9.133,10.524,8.441,10.48,7.137,4.579,12.485,8.075,7.464,8.871,6.171,9.904,6.119,9.5,7.542,6.659,12.404,11.196,5.327,11.319,8.012,9.467,8.67,7.637,6.661,10.762,11.565,11.107,9.841,4.59,6.259,5.51,7.398,9.725,9.611,early,1224.0,0
DEMO-0630,4.959,8.004,7.413,10.167,10.311,8.245,10.512,9.811,7.281,10.862,6.904,6.141,10.685,4.623,5.637,9.923,7.663,10.292,6.428,9.442,6.221,8.148,11.651,12.484,6.755,9.129,8.741,12.744,9.564,8.622,7.57,8.66,8.292,8.171,6.851,4.888,7.045,6.015,7.818,10.484,9.149,early,2331.0,1
DEMO-0631,7.083,8.306,7.519,10.238,10.616,10.487,10.859,9.419,8.281,11.216,8.241,6.116,11.062,7.773,9.125,10.226,7.65,10.753,7.119,11.722,8.316,8.431,11.189,9.995,4.265,10.332,8.161,12.721,10.819,9.478,7.798,9.92,10.222,11.49,11.568,5.833,8.603,5.407,8.722,8.633,9.699,early,634.0,0
DEMO-0632,6.347,7.558,8.325,9.198,9.341,6.387,9.261,11.088,7.3,12.346,8.21,5.298,10.717,6.197,6.637,10.159,7.132,9.079,6.402,9.37,9.379,8.369,9.152,12.801,4.988,8.155,6.366,11.608,7.148,7.949,6.794,7.645,7.84,8.973,7.608,5.901,5.921,5.48,7.545,8.954,9.045,early,886.0,1
DEMO-0633,6.533,8.178,6.254,10.735,9.621,7.897,9.132,10.425,7.213,12.324,8.58,6.168,12.889,7.238,7.62,10.798,6.988,11.017,6.132,10.274,7.845,9.62,11.413,9.968,5.908,10.227,6.407,9.907,7.516,9.751,8.224,8.661,11.627,11.363,8.844,7.287,6.992,5.864,6.77,8.994,8.253,early,1298.0,0
DEMO-0634,5.085,8.077,6.115,9.614,8.657,8.39,10.221,10.057,8.98,12.301,6.701,5.601,11.646,7.595,7.44,10.676,6.548,11.833,6.703,10.493,6.699,8.394,10.823,13.049,7.698,12.549,8.051,11.62,9.474,6.568,5.204,9.051,10.232,10.456,9.66,5.462,7.363,5.615,8.364,8.36,8.549,early,1134.0,1
DEMO-0635,7.256,9.825,7.825,10.367,11.072,10.589,10.558,12.073,10.109,12.906,9.436,8.07,14.242,10.486,8.73,8.586,6.887,10.269,6.175,10.394,7.317,7.581,11.798,11.033,7.722,10.549,7.679,10.549,10.347,5.498,6.473,7.724,9.448,9.941,8.184,7.227,7.314,6.178,5.925,8.714,9.681,early,2405.0,1
DEMO-0636,5.561,8.868,8.285,10.392,11.323,8.323,11.461,9.453,7.975,13.812,9.774,7.663,13.035,9.672,8.805,10.169,7.253,9.169,6.128,8.917,8.823,7.515,9.569,10.103,5.715,8.421,9.688,11.88,11.474,9.288,6.495,9.472,10.513,10.615,9.065,5.116,7.775,5.208,8.819,9.537,8.577,early,1985.0,1
DEMO-0637,6.833,9.48,8.343,10.033,11.978,10.305,10.678,8.549,4.818,10.593,5.135,5.295,9.659,4.772,6.867,8.913,5.972,11.331,6.468,10.071,4.786,9.038,9.249,10.851,5.537,9.955,8.451,12.674,10.164,7.325,6.168,7.827,8.943,8.624,8.728,7.317,6.988,6.88,8.517,8.669,8.386,early,3628.0,0
DEMO-0638,6.789,8.948,7.007,9.824,8.797,10.108,9.62,9.74,7.822,12.106,7.265,6.632,11.941,8.602,7.641,9.857,7.688,10.514,7.045,11.07,8.108,8.049,10.156,10.651,5.344,9.252,7.053,9.987,9.856,8.077,7.509,10.539,9.893,9.429,10.243,6.586,5.328,5.988,7.111,8.84,7.03,late,416.0,1
DEMO-0639,5.323,7.983,5.775,8.394,10.184,9.174,11.498,10.958,8.454,12.705,6.772,5.309,13.278,7.009,8.291,10.493,7.231,11.591,8.022,9.47,7.136,8.036,12.136,13.453,8.531,11.669,7.466,11.314,8.022,6.92,6.232,7.526,9.298,10.12,7.775,6.745,6.861,6.276,9.489,9.13,8.128,early,412.0,1
DEMO-0640,8.399,10.483,8.21,12.048,12.115,10.035,10.62,10.382,7.115,12.347,8.42,6.355,11.666,5.819,8.389,9.096,8.179,10.873,6.814,9.412,7.472,9.247,11.244,11.99,7.944,11.792,8.278,11.65,9.91,9.956,7.665,9.484,8.662,8.659,7.747,7.612,7.411,5.847,9.604,10.888,8.571,early,674.0,0
DEMO-0641,6.675,10.77,7.452,11.153,11.25,10.231,11.511,10.894,9.185,13.618,10.255,6.6,12.716,8.177,7.646,10.39,8.245,8.779,6.38,8.591,7.862,8.696,8.638,11.108,5.484,10.049,7.27,11.939,8.396,8.212,7.368,8.883,8.606,9.011,10.396,6.251,8.082,6.527,7.06,10.118,7.817,early,1004.0,0
DEMO-0642,5.991,8.494,5.199,10.098,10.316,8.365,10.641,7.862,6.183,9.264,4.975,4.432,10.022,3.705,7.06,10.978,8.113,10.744,5.379,11.47,6.692,7.87,10.706,11.149,5.079,9.337,8.422,12.647,12.0,9.629,7.861,10.408,12.545,10.927,11.62,7.424,6.313,6.669,6.136,9.402,8.204,late,216.0,1
DEMO-0643,6.732,9.15,8.658,11.427,11.77,9.243,11.34,9.372,6.649,11.345,7.212,5.57,10.685,7.049,6.708,11.022,6.349,10.86,5.805,9.708,7.905,8.055,12.257,14.143,6.746,11.133,8.151,10.861,10.651,7.92,5.167,9.572,10.693,9.297,9.977,7.049,5.109,5.307,7.61,8.667,8.367,late,402.0,1
DEMO-0644,5.532,8.213,6.478,10.447,10.464,8.468,10.071,12.725,8.365,12.067,9.792,8.079,14.702,8.986,7.081,10.439,7.906,11.94,7.227,10.915,6.346,6.825,10.842,11.373,5.876,9.158,8.726,10.364,8.431,8.476,7.351,9.306,10.103,10.953,9.339,6.548,6.525,6.887,7.483,8.618,5.397,late,414.0,1
DEMO-0645,4.867,8.255,6.527,8.596,9.927,8.612,11.091,10.999,8.803,12.219,8.67,6.714,10.861,7.716,5.649,8.468,5.963,10.621,4.932,8.646,5.569,7.511,10.545,11.83,6.604,9.91,7.779,12.022,10.997,9.169,8.339,10.405,10.002,10.087,10.329,6.359,5.78,6.814,7.531,10.514,8.041,early,299.0,1
DEMO-0646,7.943,10.472,7.587,10.805,12.007,9.848,10.099,11.879,8.431,14.727,9.078,7.14,13.768,7.622,5.117,8.704,6.411,10.427,6.826,9.637,7.131,7.756,13.461,13.081,7.547,11.702,6.202,9.24,7.803,7.861,5.776,12.71,11.563,11.296,10.071,5.794,7.037,7.661,8.59,10.592,8.181,early,264.0,1
DEMO-0647,6.451,10.934,9.285,11.86,11.121,10.935,11.421,11.371,8.179,12.605,9.215,7.738,13.031,8.713,5.958,7.78,6.606,9.122,6.625,8.783,7.782,6.175,11.191,10.911,4.42,9.734,7.935,9.924,9.292,9.086,6.728,6.759,8.639,9.959,8.61,6.292,7.286,5.664,7.614,9.955,9.374,early,704.0,0
DEMO-0648,5.335,6.995,6.873,8.021,8.686,7.97,8.768,8.866,6.881,12.356,6.259,4.718,10.215,5.565,8.295,10.7,7.625,10.93,7.174,10.155,8.868,9.468,11.85,11.36,5.026,9.945,7.186,10.171,9.907,7.425,5.654,7.949,8.247,8.908,8.763,6.449,4.948,5.944,7.198,10.247,8.896,early,3064.0,0
DEMO-0649,7.371,10.938,8.674,11.136,11.29,10.851,11.462,10.184,8.45,13.488,7.987,5.404,11.936,6.138,7.435,9.511,6.751,9.393,5.858,9.98,7.189,8.655,11.158,12.149,6.685,10.22,8.707,10.961,9.837,8.263,5.513,11.431,13.383,11.085,10.384,6.906,6.709,5.703,7.263,9.107,8.231,late,613.0,1
DEMO-0650,5.137,9.326,8.916,12.081,10.591,10.763,10.388,8.84,5.878,11.221,5.882,5.542,12.116,5.937,8.441,11.208,7.286,10.283,6.786,10.038,7.969,8.117,11.942,11.52,6.76,12.013,5.57,9.894,8.532,8.66,8.384,9.391,9.233,11.307,7.772,5.965,7.254,7.74,7.136,8.272,8.951,early,2894.0,0
DEMO-0651,6.394,8.253,8.421,9.258,9.92,9.665,10.163,11.607,8.452,12.882,7.176,6.544,11.946,7.508,5.716,8.902,5.272,10.231,5.824,8.779,6.829,7.374,11.484,10.155,6.082,10.133,8.53,9.951,9.127,6.928,6.792,10.561,11.759,10.355,9.369,6.41,5.379,6.161,6.929,7.86,7.769,early,3321.0,0
DEMO-0652,5.98,9.673,8.768,9.494,11.443,9.357,11.375,9.195,7.874,11.361,6.349,6.347,11.412,7.5,7.539,10.419,7.0,11.009,7.058,9.633,7.185,9.127,10.502,11.798,6.523,10.023,8.54,10.658,8.548,8.482,7.832,8.591,10.382,9.832,9.414,5.846,6.328,6.306,7.349,10.001,7.167,early,3626.0,0
DEMO-0653,8.205,8.827,6.764,11.12,10.011,10.347,11.729,8.72,8.398,11.051,7.078,6.884,11.248,5.395,6.875,10.121,6.831,9.75,7.362,8.656,6.764,7.668,10.447,11.216,5.849,10.542,7.655,11.371,9.648,10.108,5.811,10.226,11.059,9.094,9.003,5.599,6.394,7.218,6.935,8.243,7.248,early,1699.0,1
DEMO-0654,8.163,10.262,8.761,11.41,12.358,10.874,12.08,9.85,7.051,11.697,7.071,7.054,12.286,8.052,6.103,11.203,7.719,9.792,7.133,11.276,8.631,10.098,11.065,11.613,6.409,10.968,10.018,11.303,9.848,8.315,5.466,11.069,9.142,11.501,9.691,6.696,7.132,6.555,7.927,8.957,7.168,early,3127.0,1
DEMO-0655,8.235,7.738,5.676,10.787,11.583,9.366,11.623,10.135,8.215,12.424,9.246,7.634,12.259,6.61,9.426,11.979,8.336,11.859,8.025,10.714,9.925,9.321,11.77,12.854,6.081,11.141,7.868,10.242,10.3,10.521,7.867,8.212,8.284,10.073,8.429,6.051,6.099,6.211,6.794,9.504,8.475,late,1096.0,1
DEMO-0656,7.916,10.036,8.384,10.87,11.949,11.196,10.136,9.625,5.587,10.477,5.462,5.232,10.779,5.774,6.488,8.838,7.134,10.392,6.102,8.52,5.225,7.513,10.057,11.619,6.73,10.286,6.885,11.036,7.35,11.144,7.781,10.897,12.29,9.583,9.899,7.139,6.209,7.333,6.765,9.453,9.01,early,3669.0,0
DEMO-0657,8.773,11.954,8.416,12.589,13.03,13.474,12.024,10.552,6.723,12.129,7.744,5.339,12.285,6.093,8.692,8.799,6.565,10.72,7.721,8.665,6.689,9.614,11.226,11.159,4.839,8.557,6.81,10.762,10.23,8.143,6.909,8.201,9.671,9.242,7.924,5.988,7.413,6.446,7.086,7.875,8.48,early,1090.0,0
DEMO-0658,7.408,9.795,7.365,10.015,10.859,9.598,10.757,11.063,8.294,13.27,8.934,6.048,11.476,8.255,6.311,7.945,6.089,9.766,7.088,9.36,4.941,8.391,12.16,10.616,6.026,10.331,6.637,10.476,9.734,12.146,9.571,9.972,10.164,11.251,7.185,8.093,6.802,7.297,7.244,8.033,8.98,early,2429.0,0
DEMO-0659,6.53,6.534,7.259,9.457,9.636,9.712,10.948,9.729,6.025,10.984,7.961,4.799,10.351,6.131,7.608,8.773,5.508,11.193,6.729,10.781,8.801,8.451,10.891,10.045,5.951,11.244,7.875,11.032,10.417,8.427,5.136,8.207,9.713,10.469,9.6,6.819,5.692,6.614,7.812,9.586,9.621,early,1254.0,0
DEMO-0660,7.302,9.945,5.993,11.858,13.28,10.439,9.812,10.959,6.547,11.163,6.581,4.685,11.63,6.245,8.653,11.461,8.416,11.754,8.061,11.885,8.746,10.47,11.382,11.953,7.654,10.715,7.446,11.162,10.879,5.594,5.244,10.629,11.612,9.78,9.592,5.127,6.645,5.296,8.234,9.799,8.083,early,2159.0,1
DEMO-0661,8.049,10.373,8.115,10.94,12.702,9.699,11.769,10.483,8.996,12.573,7.77,7.023,11.731,7.547,6.421,9.218,6.524,10.731,6.121,7.478,6.561,7.396,12.231,11.672,5.753,10.491,8.505,10.571,9.567,8.007,7.067,8.372,10.439,11.309,11.535,7.461,6.916,6.519,8.123,10.211,9.148,early,1301.0,1
DEMO-0662,7.141,9.753,7.736,9.719,10.77,10.505,11.818,8.943,6.517,11.15,5.758,4.946,10.078,5.226,6.696,11.697,7.035,11.065,8.617,10.883,7.861,9.717,12.554,11.03,5.697,10.539,7.841,9.654,10.515,7.789,7.446,7.965,8.362,10.46,9.25,5.683,6.853,7.147,7.779,7.84,8.996,early,2262.0,0
DEMO-0663,7.315,9.602,7.936,11.1,10.639,9.685,10.472,8.483,7.732,11.624,6.947,4.839,11.281,5.532,7.034,10.707,5.859,11.261,7.175,11.046,7.033,7.744,11.204,9.735,5.526,9.289,6.602,9.09,9.285,6.997,5.081,11.878,9.935,11.055,10.235,6.483,6.549,6.161,8.759,8.601,8.419,early,4452.0,0
DEMO-0664,7.743,11.766,9.099,12.358,12.22,11.56,12.831,8.228,6.875,10.453,6.037,4.132,10.419,4.859,6.644,9.548,6.845,11.204,6.635,9.759,7.384,8.53,11.631,12.903,4.416,10.706,5.899,11.083,9.597,6.71,4.224,9.207,9.325,9.481,9.288,7.812,5.102,6.842,7.336,8.69,8.967,early,3936.0,0
DEMO-0665,6.587,7.654,6.312,10.292,10.569,8.952,10.479,11.638,8.553,13.396,8.296,5.981,12.18,6.079,8.463,8.451,7.239,9.685,5.848,10.126,6.814,7.43,11.856,10.199,6.04,9.718,7.382,10.554,8.612,8.075,7.335,9.79,11.759,10.728,9.744,6.792,6.639,6.631,8.534,8.777,8.907,late,202.0,1
DEMO-0666,7.078,8.421,8.304,9.661,12.086,7.962,10.895,13.511,9.952,14.999,9.077,8.924,13.418,8.535,8.689,11.321,7.169,11.301,6.519,10.864,9.805,10.196,10.611,12.613,7.073,12.545,6.38,9.497,7.705,8.165,5.268,11.195,12.182,9.547,9.603,6.638,8.484,6.616,8.291,8.782,8.768,early,422.0,0
DEMO-0667,5.509,6.402,5.683,8.259,9.674,7.42,10.13,7.579,7.139,9.686,5.281,4.417,10.353,6.725,7.197,8.637,6.803,10.622,6.519,9.524,8.943,8.542,10.003,9.331,4.117,10.033,8.713,10.12,10.046,6.885,7.538,10.414,9.149,10.338,9.375,6.391,6.066,5.474,7.616,8.393,7.327,early,1206.0,1
DEMO-0668,8.244,9.915,8.386,11.114,10.78,11.119,11.839,11.943,8.681,13.223,8.799,6.42,13.698,9.205,5.836,9.192,5.899,11.297,6.127,10.145,7.832,9.025,12.377,12.251,7.887,10.922,8.227,12.546,10.823,7.605,6.387,9.674,9.781,10.833,9.182,6.122,8.109,7.432,7.343,9.174,8.321,early,1553.0,1
DEMO-0669,8.59,10.563,10.126,11.735,11.384,11.012,13.19,10.657,8.23,13.184,7.238,7.255,15.062,8.441,6.767,10.211,7.186,9.769,7.915,9.712,6.773,7.514,11.047,10.866,6.433,12.322,8.1,10.353,10.714,8.909,8.882,9.585,11.057,10.543,10.115,5.637,5.889,6.128,6.05,8.269,7.083,early,532.0,0
DEMO-0670,6.473,7.558,5.494,9.709,10.079,7.738,9.662,8.013,5.902,8.52,5.202,3.644,8.839,3.154,6.202,9.984,6.317,9.722,6.03,9.376,6.905,8.385,12.004,10.306,6.933,10.496,7.833,11.867,11.257,8.526,7.413,8.095,10.125,8.274,7.395,4.178,6.058,5.427,7.874,8.882,6.385,early,4244.0,0
DEMO-0671,8.322,9.37,7.46,10.551,10.387,9.264,12.1,9.441,7.472,9.452,5.884,4.936,11.123,5.589,6.405,11.124,8.525,10.0,7.543,9.264,8.263,9.033,11.073,11.155,4.415,9.656,7.046,9.767,9.297,7.981,6.374,8.267,9.481,8.777,7.099,5.904,8.176,5.134,7.73,7.468,8.799,early,592.0,0
DEMO-0672,6.148,9.41,8.017,12.236,10.27,11.623,12.648,10.468,8.235,13.731,8.584,5.692,11.519,5.629,8.639,12.1,8.858,11.857,8.215,11.559,9.668,8.293,10.123,12.161,5.499,9.01,9.034,10.743,11.777,8.609,7.732,11.437,11.747,10.54,11.864,5.652,5.301,6.254,6.978,8.448,9.102,early,1155.0,0
DEMO-0673,7.713,8.875,7.718,9.98,11.131,9.554,10.825,9.012,7.04,11.235,6.218,4.496,11.061,5.945,6.192,8.343,6.58,10.388,6.71,10.813,7.591,6.682,12.909,11.548,7.486,10.532,9.098,12.25,10.093,10.775,7.882,9.022,10.113,9.412,8.28,5.725,6.258,6.467,8.32,10.075,7.32,early,865.0,1
DEMO-0674,6.803,8.401,6.991,10.61,10.025,9.016,10.428,7.883,7.034,12.606,6.977,6.287,10.728,7.043,5.658,8.445,7.14,9.983,6.435,8.913,6.795,7.822,12.527,11.824,5.391,11.822,6.366,9.371,9.654,9.075,7.608,11.466,11.997,10.829,10.586,5.524,6.201,6.412,7.236,9.097,7.685,early,96.0,1
DEMO-0675,6.634,9.042,8.051,10.499,9.264,10.332,10.545,11.467,8.838,13.918,9.294,7.502,13.545,9.628,7.222,10.144,7.942,10.608,7.196,10.452,8.049,7.942,11.264,10.887,6.524,11.185,6.552,11.326,9.553,7.404,6.181,11.34,11.0,10.716,11.858,6.087,7.428,5.411,8.522,9.167,6.67,late,544.0,1
DEMO-0676,7.905,11.043,7.311,11.213,12.58,10.709,10.767,9.973,7.949,12.999,7.52,6.641,11.837,6.616,6.183,8.995,6.995,10.439,5.941,10.081,8.718,8.912,9.706,11.036,4.986,9.376,7.756,10.576,10.835,8.68,7.393,10.867,10.99,10.786,9.535,6.292,7.273,7.207,8.506,8.915,7.236,early,1578.0,0
DEMO-0677,6.896,8.549,6.998,9.963,10.192,9.796,9.652,9.249,6.55,11.555,6.356,5.198,12.062,6.936,8.305,10.984,9.472,12.153,8.797,10.231,8.075,9.009,9.816,11.529,4.888,10.519,7.052,10.69,9.139,8.171,7.121,10.96,10.506,11.689,10.452,5.648,5.775,5.056,9.042,9.745,8.977,early,861.0,0
DEMO-0678,5.374,7.167,6.857,10.415,10.878,7.794,12.024,10.919,8.38,13.346,7.84,6.151,12.948,8.7,7.105,8.448,6.401,9.179,6.189,6.818,5.991,6.268,9.272,10.08,4.442,8.869,6.097,11.477,8.917,9.29,6.881,10.204,9.681,11.292,8.815,7.356,5.71,5.531,7.165,8.448,7.657,late,411.0,1
DEMO-0679,5.381,7.372,5.746,10.626,9.28,8.893,9.761,11.722,6.075,12.469,8.822,6.951,13.416,7.866,7.249,11.111,9.017,10.127,6.357,9.422,7.854,10.29,10.528,12.586,8.405,10.13,7.501,11.682,9.452,10.352,6.809,10.675,10.489,12.346,10.673,8.356,5.99,5.663,10.384,10.361,8.879,late,614.0,1
DEMO-0680,8.68,10.354,8.542,10.571,12.23,11.774,12.559,9.999,6.415,10.612,5.102,5.398,11.222,5.995,7.613,8.93,6.267,8.703,5.299,9.498,6.318,8.178,12.266,11.091,8.273,10.725,7.905,12.067,11.393,8.014,8.183,9.833,11.111,10.717,10.545,7.159,8.287,7.126,7.205,9.566,10.286,early,750.0,0
DEMO-0681,5.817,7.189,7.03,11.698,10.234,9.876,11.293,8.899,5.509,11.429,6.522,5.836,11.899,4.595,8.241,11.917,8.135,11.387,7.617,10.859,8.095,9.76,11.991,12.401,6.788,9.925,6.386,10.499,8.324,6.429,4.802,9.022,8.803,9.178,8.253,7.578,6.9,5.91,7.59,9.378,6.818,early,4427.0,0
DEMO-0682,8.264,9.138,6.225,11.653,10.969,9.079,12.197,10.299,8.121,12.863,7.126,6.672,11.25,7.207,7.282,12.58,6.49,9.9,7.213,10.402,7.883,7.647,10.859,10.305,5.134,10.633,7.381,9.931,9.033,9.144,7.759,9.375,10.638,11.174,9.924,6.943,4.6,5.407,7.52,8.495,8.508,early,433.0,1
DEMO-0683,6.721,7.49,7.202,8.774,10.397,9.358,8.919,9.112,7.08,11.144,6.441,5.611,11.507,8.09,6.65,9.69,6.272,10.091,7.854,9.163,6.951,9.29,11.625,11.289,7.037,12.436,7.951,11.665,10.457,7.647,5.847,9.985,10.651,9.401,8.725,6.571,4.463,5.976,7.115,9.427,7.484,early,1119.0,1
DEMO-0684,5.87,8.933,5.087,9.762,8.801,7.908,9.159,10.092,6.867,10.314,7.593,5.74,10.876,6.176,8.205,8.89,5.53,9.057,6.873,8.774,6.571,8.084,11.336,13.873,7.293,10.906,6.839,10.244,8.436,7.091,6.611,12.752,13.074,12.301,8.814,5.506,5.356,5.035,7.655,9.427,6.699,early,589.0,1
DEMO-0685,6.793,9.39,7.385,10.782,11.305,9.726,10.985,10.478,8.593,12.896,8.747,6.855,13.109,7.038,7.471,12.404,8.596,11.108,8.418,11.225,9.22,10.381,12.024,11.799,6.361,12.629,7.308,11.443,9.76,7.888,6.878,11.01,11.599,10.746,10.007,5.974,6.999,5.71,7.621,7.775,7.338,early,581.0,0
DEMO-0686,8.398,8.828,7.685,10.461,12.275,10.247,11.223,9.021,6.778,10.223,6.003,4.522,9.821,4.361,5.557,8.763,6.86,11.432,7.576,11.269,7.344,8.63,11.962,13.986,8.409,13.2,8.813,10.819,9.957,6.447,4.388,10.957,12.584,11.523,9.502,5.797,5.743,5.055,7.46,9.02,6.472,early,4199.0,0
DEMO-0687,8.317,9.473,7.487,13.533,11.188,11.191,11.841,11.689,7.436,12.807,8.196,7.385,12.546,8.394,7.163,12.258,7.894,11.161,6.632,9.977,8.315,9.905,9.504,10.87,4.689,10.991,7.91,11.571,10.437,7.554,6.167,10.149,10.342,10.135,11.878,5.481,7.575,6.991,7.194,9.729,7.357,early,321.0,1
DEMO-0688,8.671,8.969,7.618,11.315,10.817,11.315,11.273,8.363,6.492,9.292,5.122,6.675,8.994,4.622,6.532,7.251,5.673,9.625,4.371,7.801,5.902,5.007,8.586,10.24,4.091,8.732,5.502,8.053,7.003,7.331,5.397,9.342,9.339,9.477,9.164,5.707,5.994,6.271,6.58,8.836,7.871,early,3291.0,0
DEMO-0689,8.106,9.603,6.644,11.621,11.733,10.513,10.244,9.458,6.917,12.072,8.133,5.54,10.644,7.389,6.833,9.607,6.72,9.923,7.147,9.317,7.591,8.992,11.978,11.563,5.767,13.484,7.782,11.928,10.565,7.977,7.453,10.479,11.549,10.812,9.854,5.233,6.983,4.947,8.104,8.372,7.157,early,833.0,1
DEMO-0690,4.876,6.764,6.023,7.778,10.215,6.235,9.505,9.539,7.049,11.268,8.239,6.431,10.96,7.108,7.485,10.93,7.703,10.681,7.543,10.058,7.754,8.311,12.055,9.289,6.523,10.582,8.892,10.997,9.672,7.842,6.241,9.555,9.648,11.334,10.653,6.797,5.88,6.681,8.065,8.099,8.597,late,38.0,1
DEMO-0691,7.289,8.539,8.56,10.374,10.75,11.182,10.982,8.072,6.996,12.124,7.997,5.489,11.578,6.325,4.816,7.468,4.034,8.753,3.236,8.488,5.187,5.874,9.584,7.806,3.06,6.98,7.688,11.041,9.496,6.853,6.164,8.747,10.611,9.878,9.706,7.44,8.326,7.19,8.282,10.141,9.472,early,1602.0,0
DEMO-0692,5.938,8.232,7.126,10.077,10.485,8.641,8.617,9.615,7.048,13.43,7.234,7.125,11.519,7.053,6.512,10.686,5.957,9.016,8.765,9.522,6.969,9.15,11.905,12.586,7.567,12.023,7.869,10.756,9.607,8.685,6.63,11.806,11.92,12.248,9.823,5.78,5.485,7.219,7.64,9.007,8.05,early,2880.0,0
DEMO-0693,7.003,9.502,6.707,10.486,11.273,7.688,10.379,9.859,8.108,10.546,7.267,5.616,10.849,6.343,7.93,11.842,8.508,10.792,8.403,11.377,8.137,9.311,10.876,11.944,7.117,12.206,8.732,12.171,10.124,8.148,7.519,10.032,11.577,9.081,9.594,5.46,7.106,6.318,7.922,9.729,9.698,early,4071.0,0
DEMO-0694,7.675,11.226,7.486,14.475,11.318,11.847,11.281,8.429,7.551,10.691,6.355,6.139,9.749,6.295,4.243,8.861,6.413,8.667,5.201,7.5,6.358,7.39,10.695,12.353,5.94,11.124,6.974,10.263,7.349,9.245,6.962,8.49,8.198,7.989,9.49,6.441,7.591,7.511,7.978,7.386,8.877,early,3827.0,0
DEMO-0695,6.605,10.148,7.851,12.855,10.511,11.849,12.7,9.425,6.314,11.813,9.373,6.147,11.569,7.005,5.291,10.421,6.528,11.712,7.902,8.967,7.143,7.485,12.432,11.936,4.65,10.829,8.193,12.175,9.793,7.374,5.372,10.965,9.832,9.76,9.755,6.607,8.002,6.738,6.494,8.287,9.705,early,840.0,0
DEMO-0696,6.203,9.411,6.014,10.045,10.644,8.926,9.054,11.088,7.839,11.682,6.757,6.067,11.995,8.897,7.353,9.672,5.043,9.887,6.912,9.916,6.902,7.458,9.97,9.536,4.705,10.701,7.884,10.893,9.46,6.082,6.572,9.444,10.289,10.563,9.914,7.562,7.291,7.825,7.534,10.059,8.632,early,2061.0,0
DEMO-0697,5.723,9.213,8.103,11.141,11.805,9.158,10.123,8.904,7.47,10.18,7.002,6.718,12.27,6.094,7.212,9.88,5.635,10.951,6.483,9.972,6.531,8.062,11.998,11.736,8.885,11.086,6.793,9.46,8.38,8.177,3.115,6.905,9.55,9.891,8.562,6.307,7.113,6.587,7.565,7.473,8.461,early,2266.0,0
DEMO-0698,7.148,10.159,7.774,12.488,10.575,10.646,11.798,10.092,6.242,10.595,6.357,6.983,10.882,6.498,6.819,8.219,6.34,10.941,6.744,7.838,6.601,7.74,11.997,12.031,8.295,13.077,7.903,11.404,8.877,7.472,4.266,10.821,10.168,10.69,9.213,6.966,6.709,6.163,7.73,8.815,8.384,early,3398.0,0
DEMO-0699,7.221,9.725,6.199,10.93,11.57,9.626,10.22,8.923,6.162,10.893,7.217,4.941,10.999,7.467,8.388,9.943,6.259,9.628,4.894,11.304,6.56,7.001,13.646,14.8,7.225,12.5,7.51,11.049,7.288,8.389,6.146,9.811,11.689,9.48,9.071,6.083,7.734,4.758,7.284,9.801,8.138,early,504.0,1
DEMO-0700,7.227,7.956,7.704,10.902,10.665,9.472,12.258,9.536,8.523,12.459,7.21,6.067,11.723,5.392,6.722,9.747,5.162,9.722,6.845,8.995,6.395,8.106,11.391,11.245,6.154,10.199,6.827,10.916,7.264,8.128,6.542,8.839,9.958,8.765,10.267,7.378,7.894,6.179,8.289,8.731,8.814,early,3933.0,0
DEMO-0701,7.192,9.224,5.581,8.55,10.443,10.063,10.114,11.525,6.86,13.271,6.589,7.46,11.106,8.062,7.489,9.119,5.483,9.772,6.648,9.997,6.283,7.175,11.328,12.388,6.031,10.702,8.613,12.039,9.39,9.985,8.335,10.096,11.804,10.876,10.521,7.421,7.345,6.985,7.41,9.932,8.299,late,474.0,1
DEMO-0702,6.62,9.867,7.67,10.863,12.267,10.008,11.346,9.746,6.806,12.681,7.817,5.268,12.301,7.633,7.908,8.307,6.672,10.651,6.613,8.376,6.563,10.602,12.783,11.541,7.322,10.537,11.052,13.569,12.126,8.58,6.453,8.598,9.519,10.495,8.496,7.038,7.269,6.831,7.161,7.93,8.969,early,257.0,1
DEMO-0703,6.301,9.793,9.072,10.865,11.017,12.291,11.788,10.435,6.661,9.857,6.515,6.74,10.521,7.847,4.947,8.179,5.344,10.492,5.527,7.472,5.456,7.53,10.489,10.465,6.056,10.759,6.907,11.198,7.352,8.396,5.76,10.204,10.998,10.194,9.236,6.972,6.439,6.149,7.536,8.49,9.046,early,491.0,1
DEMO-0704,7.058,9.127,8.157,10.469,8.891,8.182,12.525,8.359,8.036,10.451,6.965,6.707,13.427,8.011,6.54,10.01,7.471,9.935,6.987,8.823,7.609,6.367,10.287,10.987,6.579,10.008,7.99,11.211,10.977,6.55,6.312,9.427,10.917,10.247,11.343,5.328,6.377,5.809,7.398,8.424,7.752,early,1803.0,0
DEMO-0705,4.479,6.649,6.052,8.003,9.006,7.064,10.139,10.845,9.186,13.661,9.194,6.521,13.113,8.921,6.992,8.691,7.132,9.879,5.143,9.122,8.379,8.92,11.503,10.938,6.275,11.165,6.815,9.108,9.175,8.215,6.982,8.208,10.497,9.733,7.954,6.671,7.5,7.274,9.193,9.565,8.196,early,750.0,0
DEMO-0706,8.885,10.175,7.831,11.758,11.609,12.421,12.577,9.263,6.251,10.696,6.554,4.872,11.23,6.793,8.096,9.257,7.492,12.561,6.983,12.379,8.047,9.304,13.21,13.766,6.428,9.837,7.578,10.864,9.482,8.912,7.348,10.992,9.748,11.304,9.851,6.201,7.559,5.38,7.766,10.224,8.377,early,1949.0,0
DEMO-0707,5.206,8.984,6.771,10.754,11.019,8.676,10.744,11.091,8.959,12.712,9.175,6.603,13.196,7.429,6.706,10.704,7.404,9.606,8.812,10.024,7.119,7.875,11.017,11.425,7.079,10.47,7.56,11.647,8.832,7.654,6.027,5.772,9.463,7.917,7.873,7.063,6.202,6.713,7.99,9.91,7.598,early,1914.0,0
DEMO-0708,6.632,10.04,7.958,12.329,10.608,11.501,11.092,8.926,5.754,10.838,6.375,5.236,10.233,4.043,7.265,8.74,7.532,11.328,6.662,9.086,7.275,7.475,11.1,11.711,7.304,10.282,7.634,11.914,10.841,7.624,6.075,10.179,10.069,8.996,8.221,6.382,7.238,5.74,5.982,10.179,9.426,early,2016.0,0
DEMO-0709,6.996,7.467,7.575,9.369,9.531,8.684,11.883,11.145,8.042,13.227,8.203,5.925,10.221,7.002,7.028,9.519,7.632,11.763,7.052,9.648,6.653,8.363,10.433,10.079,5.084,9.483,8.995,11.315,8.881,8.695,5.944,10.415,10.275,10.785,9.929,6.541,5.875,5.908,6.774,9.637,9.041,early,456.0,0
DEMO-0710,5.115,8.221,6.141,9.606,9.848,8.852,10.965,10.629,8.335,11.645,6.837,6.864,11.767,6.765,6.872,8.392,5.316,9.481,7.143,9.271,5.136,7.458,8.49,11.027,6.978,8.862,6.419,9.747,8.87,7.965,6.651,9.678,10.548,11.316,11.424,6.694,6.206,6.71,8.901,9.357,8.349,late,4.0,1
DEMO-0711,7.736,9.388,9.174,11.988,12.415,10.467,11.464,11.734,8.022,14.343,9.087,7.916,13.257,9.689,7.436,9.664,6.334,9.128,7.551,12.249,5.973,8.891,11.554,11.711,6.118,12.52,8.715,12.406,10.396,6.929,5.823,8.329,10.214,10.493,8.354,5.495,6.216,6.795,6.506,8.605,7.602,early,982.0,1
DEMO-0712,6.911,8.405,6.658,10.171,9.72,10.685,9.813,9.586,5.781,10.496,8.359,5.845,12.325,6.204,6.161,7.691,5.737,8.947,5.303,8.827,6.301,7.369,10.762,10.118,5.387,9.833,7.384,10.603,9.827,11.532,8.607,8.702,9.5,10.825,8.282,7.393,6.981,7.624,7.397,9.016,9.322,late,425.0,0
DEMO-0713,6.656,9.127,7.758,12.122,11.792,11.599,11.709,9.611,5.93,11.196,6.674,5.709,11.071,6.346,9.352,9.785,6.017,11.029,6.566,9.7,6.745,8.408,11.567,11.467,4.794,10.453,7.087,9.38,9.521,9.358,7.543,9.313,10.08,9.863,7.175,6.321,7.238,5.204,6.537,7.434,8.911,early,340.0,0
DEMO-0714,7.756,10.306,7.363,11.835,10.151,10.485,11.43,11.682,8.965,13.61,7.398,6.672,12.085,7.021,7.809,8.433,3.968,10.971,5.885,8.623,6.291,7.175,9.435,10.445,6.118,9.825,7.491,9.325,10.019,8.51,7.03,8.663,9.006,8.741,7.746,7.646,5.583,6.793,9.252,8.594,8.276,late,221.0,1
DEMO-0715,7.528,8.981,6.766,9.154,12.637,9.085,9.516,10.466,7.121,12.121,7.782,6.13,10.769,7.69,6.962,8.354,6.618,10.659,6.425,8.447,8.033,7.8,10.938,12.599,4.968,8.597,8.316,12.204,9.178,7.166,7.297,9.062,9.759,8.668,9.723,6.394,8.308,7.208,7.684,7.759,8.548,early,3330.0,1
DEMO-0716,7.197,8.713,9.309,9.884,9.426,8.125,10.295,10.111,8.794,12.255,6.791,7.183,11.289,7.438,7.969,9.288,5.959,10.83,7.054,10.15,6.243,7.347,11.67,12.394,6.524,11.935,7.061,11.25,8.09,9.889,7.253,8.643,10.152,8.045,7.209,6.979,7.185,6.102,7.806,9.586,10.359,early,7.0,1
DEMO-0717,7.532,10.272,8.959,11.832,11.776,10.777,10.216,8.408,6.476,8.883,5.221,5.882,9.004,4.285,7.251,10.598,7.731,10.046,7.239,9.479,7.059,8.422,9.86,10.574,5.374,8.466,7.033,10.711,10.785,7.143,6.598,8.563,9.44,10.085,8.233,4.863,5.958,6.129,6.666,9.837,9.585,early,2074.0,0
DEMO-0718,8.955,10.346,8.113,13.28,12.016,10.285,12.343,10.164,9.052,12.394,7.215,6.067,11.098,7.811,8.33,11.597,8.776,10.663,6.757,11.769,8.758,8.511,11.299,9.574,4.346,9.098,6.416,11.305,7.296,7.629,5.657,9.888,10.754,11.448,9.593,6.853,7.258,7.269,6.73,10.406,6.784,early,2306.0,1
DEMO-0719,5.602,8.73,7.776,10.438,9.786,9.409,10.436,10.054,8.839,11.646,7.084,7.148,11.65,6.469,7.039,9.859,8.584,11.006,7.742,10.986,8.001,7.278,12.916,12.586,5.41,9.5,7.871,11.151,9.909,9.877,8.295,7.601,9.233,10.977,9.447,6.611,6.518,5.515,6.957,7.751,8.93,late,445.0,0
DEMO-0720,7.644,8.141,6.926,9.537,10.439,11.098,9.905,9.139,7.062,11.079,7.211,6.481,12.47,7.015,7.928,10.361,6.359,11.232,7.523,9.355,7.531,8.663,10.521,12.067,4.392,9.772,6.55,10.009,7.196,6.593,6.036,8.351,9.24,6.827,7.649,6.432,7.801,7.39,8.666,9.336,9.98,early,596.0,0
DEMO-0721,6.362,7.55,5.502,9.067,10.282,10.177,9.726,8.158,7.366,9.892,6.267,6.215,11.958,5.694,8.383,10.934,5.923,10.251,7.406,10.683,6.853,9.023,12.935,13.659,6.73,11.714,8.288,12.189,9.818,7.663,6.202,10.438,10.899,11.575,9.802,7.787,7.362,5.449,9.127,10.635,8.839,early,1451.0,0
DEMO-0722,8.131,9.739,8.437,11.468,11.316,10.179,11.739,10.036,8.097,13.424,8.691,8.266,12.741,8.009,5.032,8.774,4.442,9.135,5.002,7.862,7.353,6.607,11.971,12.376,6.986,12.05,7.061,11.879,9.781,6.115,6.425,8.335,11.081,9.233,9.046,7.689,6.872,5.825,7.631,9.571,6.246,early,2523.0,1
DEMO-0723,7.118,8.622,9.812,11.064,10.508,10.278,10.186,11.001,8.375,11.647,6.553,6.193,11.776,6.512,6.83,11.763,7.138,12.037,8.36,13.399,6.799,9.388,11.604,10.829,5.607,11.225,7.913,10.015,8.675,9.146,7.001,8.206,9.149,8.832,8.573,5.79,6.952,5.984,6.924,7.599,7.86,early,15.0,1
DEMO-0724,5.205,7.735,6.493,9.595,9.853,8.147,9.418,9.327,7.726,11.424,7.268,6.614,12.921,6.07,5.505,8.455,6.826,8.758,4.612,9.792,5.689,7.863,11.912,12.208,8.6,11.463,9.631,11.837,11.53,7.643,5.981,6.341,9.015,9.115,6.723,6.319,6.576,5.955,7.129,7.487,6.288,early,1953.0,1
DEMO-0725,7.196,9.383,7.146,11.292,8.909,8.69,10.648,7.955,5.801,9.261,5.73,5.134,9.977,6.256,8.184,10.904,8.291,12.033,8.211,9.819,8.112,9.956,9.597,12.814,7.672,10.637,8.338,9.897,9.863,10.313,8.335,9.996,11.682,9.488,11.527,6.768,8.217,6.714,8.595,10.808,8.212,early,3140.0,0
DEMO-0726,7.329,9.727,6.307,10.668,11.555,8.938,11.146,9.902,7.309,11.851,7.418,5.662,12.224,7.102,7.21,9.947,8.135,11.513,7.337,9.634,9.963,8.881,12.029,11.28,7.676,11.777,7.266,9.822,10.223,9.036,7.903,9.473,11.146,10.915,10.789,7.278,8.763,6.681,8.329,8.785,8.372,early,1915.0,0
DEMO-0727,6.209,8.636,6.101,9.155,10.702,9.997,9.88,10.018,7.694,11.369,6.78,4.853,10.674,6.625,6.566,10.848,6.065,8.91,7.352,9.159,6.681,9.294,12.365,12.453,8.078,12.481,7.192,12.078,9.508,5.94,7.218,8.174,10.51,10.197,8.977,5.831,7.422,6.872,6.267,11.571,9.502,early,3314.0,1
DEMO-0728,5.303,8.341,7.067,10.527,11.507,8.679,9.072,10.713,6.081,13.356,8.968,7.079,12.96,7.749,6.485,7.771,6.44,10.443,6.171,7.412,7.758,6.555,15.018,12.438,7.725,12.115,8.057,11.463,9.986,8.065,6.541,10.349,11.856,9.974,10.118,5.834,6.073,6.531,8.276,8.05,7.481,early,336.0,0
DEMO-0729,6.047,6.393,6.343,7.439,9.247,8.571,10.784,10.126,8.405,12.84,8.617,5.857,11.3,7.022,6.673,8.556,5.47,10.437,7.16,8.17,6.85,6.496,10.844,11.263,6.345,9.293,8.691,9.757,9.582,7.982,7.03,11.818,10.049,9.867,9.279,5.594,7.274,6.514,7.09,9.837,7.89,early,509.0,1
DEMO-0730,7.427,9.278,7.329,9.733,10.491,10.33,11.008,9.022,8.125,11.153,6.255,6.425,10.363,5.403,7.773,9.685,5.575,11.388,6.415,9.224,7.376,8.913,13.745,12.695,7.314,12.732,8.813,10.854,9.116,7.592,5.542,11.455,9.079,9.803,10.549,6.195,6.178,6.231,7.63,7.658,8.362,early,3280.0,0
DEMO-0731,5.467,8.513,7.009,8.931,10.502,10.369,11.136,9.037,7.328,11.151,5.714,5.495,11.37,6.078,6.461,10.109,7.632,11.36,7.503,9.975,7.96,7.385,11.932,11.06,7.074,11.145,6.932,8.901,8.071,7.625,6.068,8.799,9.29,8.49,7.672,6.59,7.896,6.996,8.606,9.862,8.449,early,1115.0,0
DEMO-0732,6.891,9.741,8.1,10.252,11.326,11.574,11.462,11.715,10.007,13.096,9.647,7.58,11.45,8.873,7.57,9.221,5.686,9.07,7.396,9.961,6.521,7.305,13.542,11.369,7.784,12.619,6.369,10.184,8.794,10.08,7.549,8.91,10.128,10.679,8.71,4.935,6.218,6.215,7.837,9.45,7.138,early,1395.0,0
DEMO-0733,4.963,9.382,7.453,12.433,11.374,8.977,10.551,10.374,8.24,13.294,8.22,5.846,12.518,6.852,5.916,10.726,6.618,8.992,7.54,9.232,8.048,8.02,10.53,12.337,5.22,11.941,8.029,11.277,10.662,9.003,7.37,9.832,9.467,10.194,8.808,5.324,5.537,5.59,7.601,10.756,7.808,late,1285.0,1
DEMO-0734,7.748,8.688,8.586,11.279,11.722,11.61,11.626,9.961,7.496,12.18,6.575,6.505,12.164,6.023,8.729,10.577,8.027,11.617,8.605,8.982,7.744,8.977,12.581,11.05,5.705,10.517,8.895,11.52,11.345,6.861,5.163,9.073,10.547,10.512,9.392,5.91,3.609,7.024,7.568,7.752,7.774,late,2577.0,1
DEMO-0735,6.348,8.759,7.492,8.143,9.855,7.569,10.484,11.914,10.241,11.413,8.525,8.198,13.147,7.854,6.639,9.682,6.96,11.417,5.396,10.354,6.23,8.026,12.62,12.952,7.845,12.795,7.042,10.72,9.597,8.097,5.925,7.521,7.95,9.456,8.253,7.453,6.772,7.964,8.977,10.026,6.547,early,1894.0,1
DEMO-0736,6.964,8.78,8.223,11.883,11.052,9.886,11.585,10.583,9.169,12.491,6.821,6.59,10.531,6.592,6.505,12.468,8.38,11.319,7.394,10.849,8.554,8.849,10.759,11.357,5.547,10.035,8.836,10.421,8.689,8.466,7.098,9.019,11.584,11.004,8.388,7.653,5.633,7.297,7.956,8.568,7.436,early,1193.0,1
DEMO-0737,8.178,8.749,7.195,11.174,11.529,9.919,12.169,12.267,8.687,12.559,8.884,6.606,13.36,6.775,8.598,10.859,6.862,10.036,7.474,10.905,7.416,8.785,10.617,10.294,4.582,10.122,6.22,9.252,9.626,8.087,6.88,9.207,11.809,11.309,10.972,7.762,6.238,5.664,8.767,9.595,8.704,early,1733.0,0
DEMO-0738,9.316,9.184,6.6,11.416,12.414,10.114,10.892,9.008,7.886,11.551,6.757,5.781,11.588,6.381,8.055,10.18,6.077,10.479,6.583,9.295,5.852,8.248,14.526,12.311,9.243,14.112,6.563,10.213,9.229,11.035,8.504,10.315,10.85,10.141,9.391,6.739,6.265,5.756,8.188,8.646,8.977,early,4147.0,0
DEMO-0739,6.433,8.146,8.396,11.374,10.696,9.198,10.631,8.555,6.882,12.38,7.728,5.942,10.934,6.688,7.661,10.943,8.105,9.878,7.967,10.663,6.592,8.944,8.73,9.587,3.831,8.828,8.108,11.739,10.996,8.878,7.333,8.745,9.381,9.761,9.551,6.236,6.451,5.819,6.979,8.972,8.096,early,970.0,1
DEMO-0740,5.65,8.401,7.446,9.122,10.194,9.388,9.942,10.634,7.658,12.407,8.226,6.672,12.117,6.927,7.924,10.27,6.6,9.677,5.797,8.174,6.995,7.717,10.42,11.643,6.819,11.252,7.629,10.958,9.775,8.913,9.285,9.984,8.414,10.414,9.331,5.593,6.066,6.087,7.832,9.1,7.62,early,722.0,0
DEMO-0741,9.326,12.146,9.071,12.136,11.895,11.528,11.634,8.986,6.765,11.248,6.558,6.512,12.322,7.028,7.735,9.378,5.1,10.929,5.539,8.123,8.209,6.896,11.275,10.347,5.609,10.377,7.685,10.045,8.713,7.648,5.111,10.462,10.241,9.268,7.856,5.534,6.036,5.956,7.902,7.899,8.367,early,2561.0,0
DEMO-0742,5.436,10.411,6.594,9.701,10.705,8.929,8.766,11.646,9.048,11.247,7.498,7.256,11.7,7.415,8.101,8.886,5.626,8.059,6.936,9.318,7.476,6.219,11.977,10.503,5.315,10.758,8.573,10.08,8.736,8.386,4.594,6.143,8.602,8.74,7.112,5.48,5.951,7.059,7.027,10.306,7.486,early,423.0,1
DEMO-0743,4.189,7.715,7.24,9.153,11.284,10.62,8.58,10.632,7.589,12.888,8.752,6.589,13.864,8.786,7.844,10.234,7.322,10.756,6.685,10.942,6.755,8.765,9.884,9.532,4.104,9.752,9.162,10.336,10.022,9.432,7.646,10.581,11.18,10.809,10.231,7.669,7.413,6.132,8.36,8.561,6.575,late,397.0,0
DEMO-0744,7.649,8.925,7.557,10.798,11.375,10.232,11.441,10.391,8.649,13.317,7.693,6.415,11.381,6.35,7.521,11.641,6.989,12.287,6.179,10.083,7.908,8.232,11.62,10.868,7.706,9.855,9.056,10.553,9.106,5.978,4.507,9.848,10.909,10.952,8.44,6.145,8.692,6.199,7.684,9.957,7.002,early,2649.0,0
DEMO-0745,7.245,10.573,8.152,10.858,10.692,10.997,10.276,10.123,7.763,11.729,6.221,6.985,10.404,7.081,6.518,11.484,8.092,9.138,7.185,10.041,8.268,8.758,9.004,10.491,4.496,8.449,7.648,10.342,10.275,4.715,4.437,8.985,9.407,9.158,8.114,6.545,6.19,6.334,7.111,8.969,9.768,early,1941.0,0
DEMO-0746,5.544,9.427,6.482,9.868,8.823,8.6,9.884,8.6,8.206,9.042,7.765,4.487,10.313,5.919,6.624,9.239,6.833,11.277,5.027,9.576,6.676,7.746,10.064,12.499,5.173,10.942,6.991,8.934,8.226,8.763,6.494,9.778,9.584,9.697,8.571,5.294,7.335,5.566,7.735,8.895,7.895,early,790.0,1
DEMO-0747,6.781,8.707,7.176,10.621,12.906,9.847,11.364,11.307,10.185,14.091,8.816,7.394,12.868,8.554,7.228,10.047,6.97,9.858,5.264,10.523,8.542,7.85,12.206,12.572,6.213,8.184,7.528,10.977,9.185,9.506,7.415,10.236,11.92,10.873,11.085,5.604,5.538,7.369,6.421,10.451,9.219,late,1578.0,1
DEMO-0748,7.745,10.481,8.036,10.948,10.866,10.751,10.386,8.906,6.99,10.749,5.543,5.421,10.311,7.615,8.839,8.827,4.284,8.324,5.872,10.152,7.6,6.482,8.687,11.705,5.38,8.491,7.028,10.718,9.405,7.401,5.807,9.331,9.151,9.255,8.551,5.841,6.177,6.755,6.991,7.829,7.891,early,2559.0,0
DEMO-0749,6.903,9.488,8.186,10.222,10.887,9.698,12.543,9.725,5.972,10.792,7.19,3.187,8.711,5.458,6.947,10.349,8.392,12.63,7.728,10.228,6.587,8.232,10.828,12.383,5.336,11.424,9.275,10.889,9.512,8.644,6.828,10.383,11.204,11.101,9.709,6.388,7.616,6.106,8.139,8.476,9.05,early,597.0,1
DEMO-0750,8.219,11.048,9.519,11.461,11.486,11.509,12.895,9.252,7.64,10.406,6.576,5.908,11.447,7.235,8.837,11.97,9.601,10.551,8.087,10.361,8.794,9.619,11.676,11.391,7.077,12.602,6.904,10.23,8.078,7.006,5.404,10.681,10.96,10.06,9.191,7.371,5.648,5.742,6.185,10.02,8.739,early,2046.0,1
DEMO-0751,6.384,10.967,6.881,9.863,11.186,10.171,9.006,8.03,7.724,11.729,5.798,6.685,11.223,6.757,7.309,9.21,9.586,11.587,8.401,9.976,8.375,8.649,10.812,9.758,3.256,8.921,7.744,12.593,9.951,9.001,7.701,8.086,9.491,9.043,7.793,6.116,6.142,5.663,6.039,8.893,7.423,late,162.0,1
DEMO-0752,5.336,8.772,7.734,9.939,10.912,10.311,11.63,11.134,8.041,11.904,7.821,6.126,13.556,8.999,6.592,10.342,6.707,10.864,7.786,10.979,8.286,7.584,9.901,10.169,5.29,9.805,7.665,11.792,9.418,9.16,8.416,7.302,9.883,11.106,9.477,5.81,6.162,5.255,8.074,8.931,8.392,early,1185.0,1
DEMO-0753,6.836,10.99,8.831,11.481,11.482,10.782,12.521,11.219,9.281,14.489,7.318,5.604,12.386,8.043,6.749,9.557,7.686,9.567,7.222,9.317,5.912,9.122,9.709,10.573,4.3,10.652,8.821,9.177,7.183,7.578,7.358,9.498,8.271,10.503,8.814,8.282,7.826,6.442,8.873,9.044,8.22,late,999.0,0
DEMO-0754,8.216,9.636,9.207,11.65,12.246,10.815,11.974,7.706,7.696,10.588,8.617,5.303,12.054,5.565,7.283,10.115,5.797,11.122,6.851,8.574,7.895,8.773,12.998,13.545,10.385,15.084,8.594,9.48,9.371,8.714,7.469,11.185,12.439,11.105,11.304,6.639,7.356,6.967,7.25,7.832,7.948,late,1270.0,1
DEMO-0755,6.448,9.282,7.093,10.975,10.121,8.802,9.663,9.382,6.631,11.75,7.131,6.809,11.087,7.062,7.081,8.882,6.521,10.298,5.923,8.609,6.388,6.604,11.628,12.119,5.333,10.967,8.581,10.557,9.701,10.67,7.93,10.316,9.282,9.09,8.997,7.376,6.15,6.527,7.895,9.384,8.484,late,381.0,1
DEMO-0756,5.279,7.076,7.374,8.43,10.967,7.73,9.651,8.79,7.826,12.71,7.599,6.555,13.257,7.433,7.959,9.815,8.185,12.522,7.156,10.426,8.147,8.866,7.756,8.86,4.849,8.654,7.343,11.513,8.582,8.87,7.344,10.153,10.115,9.796,10.082,6.892,7.706,7.022,7.028,8.137,7.675,early,1159.0,1
DEMO-0757,4.007,7.843,6.604,10.072,10.682,8.093,10.416,9.238,5.73,11.03,6.16,6.543,10.401,6.2,8.805,11.002,8.862,10.473,6.88,12.254,8.967,10.012,10.573,11.827,7.102,11.515,7.693,13.227,9.641,8.554,8.34,9.913,10.266,10.364,9.675,7.683,6.581,6.185,6.832,9.444,9.072,early,955.0,0
DEMO-0758,4.715,8.242,7.235,9.868,11.023,9.541,9.827,8.188,7.094,10.42,5.689,5.905,10.751,4.84,3.94,8.078,5.857,8.333,3.06,7.378,5.648,5.963,9.518,9.422,3.299,9.618,7.283,12.448,10.156,8.996,8.087,7.799,9.077,9.526,7.721,5.502,7.459,5.228,6.968,8.828,8.227,early,3203.0,0
DEMO-0759,7.138,8.592,7.624,10.683,12.072,10.589,11.273,8.943,4.21,10.462,7.429,5.614,10.368,6.291,8.758,10.616,7.197,9.887,6.551,9.609,8.678,8.516,11.631,11.926,5.181,9.193,8.63,12.248,8.393,7.798,6.439,9.475,10.12,8.977,10.165,6.725,5.452,6.484,8.281,8.306,7.956,early,1457.0,0
DEMO-0760,6.598,9.571,8.604,11.141,11.194,9.731,11.036,10.719,8.552,12.961,7.601,6.773,11.981,7.977,8.763,9.832,8.186,10.052,8.148,9.673,7.215,8.436,12.308,11.983,7.372,10.933,7.867,13.155,9.969,7.703,8.134,11.152,9.571,10.362,8.59,5.701,6.396,6.702,6.778,9.099,7.277,early,112.0,1
DEMO-0761,7.5,9.885,7.529,10.105,12.416,10.984,12.249,9.464,6.763,11.54,6.911,4.085,10.455,4.252,7.601,11.379,6.989,9.634,6.186,9.853,8.916,7.772,11.229,11.417,4.661,9.55,7.171,10.773,9.688,9.875,8.965,11.164,13.069,12.364,9.872,7.856,7.797,4.933,7.617,9.638,9.297,early,1396.0,0
DEMO-0762,8.234,10.042,9.454,10.398,11.183,11.125,10.316,8.697,6.668,11.449,5.131,5.673,11.113,6.394,8.45,11.668,6.606,11.035,6.744,10.173,6.926,8.681,10.13,12.378,5.813,11.327,7.59,11.667,9.58,6.561,7.279,11.318,10.655,10.532,9.286,5.956,5.951,5.269,7.569,9.259,8.118,early,1648.0,0
DEMO-0763,5.561,9.589,5.944,9.157,11.04,7.632,10.762,10.459,7.098,11.906,7.404,6.149,11.307,8.125,6.934,9.872,5.842,9.684,6.01,9.115,6.066,7.126,12.1,12.343,7.564,11.605,9.11,10.731,11.072,9.518,8.454,11.956,11.828,10.837,9.51,6.491,7.318,6.459,8.407,9.792,7.626,early,2037.0,1
DEMO-0764,8.107,8.896,7.616,10.097,9.806,7.569,10.894,9.784,6.981,12.538,6.689,7.036,11.957,8.225,7.111,9.324,5.719,11.288,7.816,9.445,9.38,7.927,11.733,14.397,8.808,14.217,10.59,11.683,10.981,8.205,6.248,8.18,9.776,9.09,5.616,6.648,7.497,5.398,7.196,9.193,9.108,early,1630.0,1
DEMO-0765,6.061,9.125,6.027,10.921,10.956,8.719,11.687,9.079,8.663,11.396,5.36,5.107,11.442,5.472,7.46,10.356,6.069,10.717,7.808,10.053,8.3,7.136,11.235,11.599,5.553,13.01,7.647,10.244,8.843,9.345,7.484,8.966,9.817,9.798,9.496,7.012,6.732,6.029,8.327,9.399,8.491,early,2978.0,0
DEMO-0766,7.782,10.295,8.465,11.149,11.794,9.07,9.484,9.544,6.293,10.943,7.091,5.802,12.56,6.251,5.832,10.057,6.592,9.092,7.811,8.225,6.36,7.865,9.903,10.301,4.945,9.538,7.071,11.254,9.401,9.265,5.058,8.381,8.447,9.821,8.349,6.936,5.748,5.899,7.231,8.495,7.876,late,381.0,1
DEMO-0767,7.621,9.653,6.726,10.378,11.572,10.621,9.643,10.953,7.491,12.299,10.098,7.389,11.201,8.667,8.175,10.697,7.633,10.254,7.407,11.32,7.52,8.507,10.872,10.394,5.995,10.764,9.23,10.334,10.198,7.222,6.272,9.155,10.551,11.571,11.086,5.668,5.563,6.045,7.709,7.675,7.414,early,59.0,1
DEMO-0768,7.538,7.834,6.451,8.365,11.728,10.316,9.582,10.735,8.219,12.878,8.555,7.34,12.877,7.241,7.16,8.572,6.975,9.076,5.649,8.647,7.369,6.655,11.784,11.053,6.273,11.572,8.088,10.484,8.693,8.492,7.587,10.116,7.702,9.645,8.688,7.418,7.828,7.313,9.119,9.525,8.292,late,1810.0,1
DEMO-0769,6.321,9.153,8.06,10.465,11.008,8.979,11.147,9.175,7.72,12.697,6.698,5.7,10.848,6.564,6.357,11.185,9.382,9.456,7.111,9.266,7.816,8.243,10.749,11.492,6.669,10.243,6.729,9.85,9.867,9.261,6.731,8.554,10.122,9.263,8.947,6.439,8.062,6.119,7.036,8.205,9.352,early,658.0,1
DEMO-0770,6.929,9.889,8.074,10.904,9.484,9.859,10.7,9.354,8.466,12.339,8.625,5.208,11.742,4.961,7.286,10.258,7.304,10.027,7.863,10.163,6.538,10.057,11.526,11.652,6.458,11.115,6.741,9.871,11.178,8.036,8.451,10.937,10.57,10.904,10.081,5.878,7.293,7.102,7.167,8.626,7.48,early,1992.0,0
DEMO-0771,6.71,9.968,6.25,11.123,9.657,9.034,12.447,10.886,8.779,10.779,8.083,6.845,11.162,6.808,6.207,8.725,7.326,9.039,7.329,9.616,5.466,8.061,10.718,11.127,5.55,10.436,7.368,11.555,10.519,8.409,6.867,9.198,11.427,9.672,10.631,5.694,7.036,5.829,8.363,9.814,9.177,early,3058.0,1
DEMO-0772,8.217,10.34,8.657,11.702,11.025,11.621,10.764,8.605,7.349,9.779,7.005,4.99,12.323,6.095,6.801,10.402,4.865,10.074,8.573,8.916,7.019,6.462,13.289,13.649,7.98,11.207,8.091,11.514,10.858,9.427,5.914,8.787,10.293,10.332,8.92,6.65,7.707,5.158,7.508,8.985,8.627,early,2229.0,0
DEMO-0773,6.981,8.422,8.281,9.53,9.333,8.08,10.951,8.698,7.682,11.422,6.72,6.114,9.779,6.153,6.411,9.493,7.769,9.758,6.422,9.456,7.304,7.558,12.819,12.479,6.583,10.342,8.962,11.088,9.168,8.729,8.315,9.834,10.108,10.236,9.741,6.249,7.31,6.452,6.688,10.069,8.156,early,4135.0,0
DEMO-0774,6.415,8.819,8.247,8.989,9.508,9.52,11.143,9.802,7.891,11.736,9.766,6.236,12.366,6.756,7.034,10.289,5.811,10.018,7.394,11.096,7.162,8.74,9.14,11.455,5.403,9.6,7.066,9.82,8.706,9.003,6.583,10.312,11.323,10.315,9.516,6.141,6.635,8.516,9.438,10.74,7.472,early,1771.0,1
DEMO-0775,6.554,7.511,6.428,8.353,10.238,9.894,11.262,10.305,10.315,13.333,7.04,6.642,12.4,9.358,6.318,9.896,7.314,10.347,6.601,8.797,7.268,8.18,11.716,10.447,6.42,11.486,6.981,10.535,8.852,5.678,5.248,9.474,7.781,9.871,9.001,6.124,6.06,5.801,6.477,9.167,6.505,early,4364.0,0
DEMO-0776,6.709,9.38,8.506,11.492,11.817,10.909,11.998,10.791,8.826,11.136,7.421,6.135,12.71,7.529,4.868,8.514,5.681,9.438,6.117,8.435,5.655,6.742,10.403,11.023,7.781,11.264,6.724,10.298,8.465,7.43,7.038,9.66,9.419,9.03,7.812,7.535,6.231,4.587,8.204,9.351,8.525,early,1110.0,0
DEMO-0777,9.139,11.175,9.538,10.783,11.725,9.892,11.116,9.689,7.835,11.543,6.904,5.729,11.633,5.92,6.976,10.274,8.322,10.954,7.226,10.35,8.088,8.362,12.422,11.414,7.491,11.01,8.023,11.486,9.862,8.003,6.999,10.48,10.438,9.713,9.381,5.725,7.239,6.06,8.062,8.859,8.074,early,3763.0,0
DEMO-0778,8.407,9.761,9.027,10.899,12.183,10.538,9.399,8.862,7.125,9.923,6.758,4.621,11.108,6.484,7.635,10.805,7.573,10.561,7.774,10.25,7.308,8.448,12.732,10.876,7.695,11.395,7.729,11.164,10.66,9.643,8.182,9.831,10.89,9.17,8.141,6.154,6.296,6.403,7.695,10.599,8.187,early,2357.0,0
DEMO-0779,8.507,10.365,6.861,11.784,11.598,10.551,11.532,9.851,7.344,12.334,6.267,4.329,11.951,7.609,6.289,8.431,7.042,8.181,5.132,9.355,6.952,7.745,10.254,12.423,4.394,10.419,5.456,8.497,8.123,6.913,6.166,8.818,9.294,9.384,8.325,6.713,7.362,7.184,7.758,7.832,8.855,early,1928.0,0
DEMO-0780,8.082,9.944,9.421,12.376,11.555,11.347,13.426,11.301,8.123,12.156,6.285,5.284,11.454,7.369,7.887,9.305,5.995,8.956,6.627,8.999,7.89,8.56,11.49,11.846,4.69,9.009,8.12,10.765,10.614,10.27,8.162,10.494,12.576,10.389,8.022,7.321,6.454,5.172,7.147,9.462,8.229,early,1458.0,0
DEMO-0781,7.731,10.1,7.03,10.696,11.071,10.894,11.478,10.961,8.719,12.973,8.852,6.694,13.714,6.829,6.287,9.913,7.032,9.824,6.531,9.889,7.355,7.653,12.746,12.538,7.44,10.647,7.877,9.544,9.448,8.338,7.311,11.939,11.95,11.183,10.92,7.46,6.76,6.573,8.021,8.396,7.101,early,524.0,0
DEMO-0782,8.829,11.168,7.454,12.002,11.969,10.993,11.998,10.605,8.062,13.479,7.918,5.896,12.613,7.15,7.893,9.299,8.07,9.561,5.823,9.543,7.521,7.902,9.644,11.745,6.353,10.985,5.492,9.138,5.996,8.142,5.991,8.684,9.976,8.71,8.049,7.624,6.245,6.479,9.512,8.901,9.123,early,1476.0,0
DEMO-0783,6.01,8.819,7.111,10.091,10.283,9.83,11.309,11.04,9.604,13.371,6.71,6.555,12.11,7.625,8.211,9.744,7.718,10.121,4.858,9.496,6.924,9.831,10.862,9.847,6.285,9.836,9.771,11.353,9.309,7.964,6.873,8.457,9.139,9.682,9.197,5.845,6.569,7.608,8.427,8.149,7.308,early,562.0,0
DEMO-0784,5.345,9.768,6.262,11.346,10.339,8.473,9.716,7.891,6.565,9.914,5.782,6.696,10.559,6.016,8.91,11.611,7.7,11.967,7.435,10.448,7.333,9.954,12.582,12.444,7.048,11.274,10.691,11.793,11.095,8.392,7.082,8.203,10.146,8.559,8.263,6.727,5.997,6.447,9.515,9.683,6.657,early,111.0,1
DEMO-0785,8.514,8.639,9.417,11.575,11.376,11.275,11.969,9.444,7.897,12.143,5.438,6.155,11.327,7.331,6.051,8.592,5.965,10.024,6.491,9.193,7.8,7.106,10.601,11.148,4.744,7.964,7.751,11.374,9.352,5.937,6.177,10.622,10.901,11.914,9.972,6.232,5.549,6.694,7.628,9.461,10.506,early,948.0,1
DEMO-0786,6.953,9.041,7.369,8.485,9.839,8.952,11.439,11.007,8.636,14.028,7.499,7.273,11.845,9.361,8.463,9.303,6.046,9.664,7.6,11.539,8.403,9.239,11.368,9.45,4.41,10.532,7.295,11.599,8.894,9.043,6.681,6.426,9.712,9.117,8.54,5.916,6.907,7.215,9.469,8.663,7.536,early,917.0,1
DEMO-0787,6.929,8.023,5.358,7.798,10.3,8.598,9.463,11.204,8.653,11.72,6.62,4.699,11.886,5.585,6.802,9.033,7.3,9.393,6.858,8.782,6.112,7.405,10.315,10.129,4.625,10.041,6.701,11.001,10.104,7.227,5.658,8.66,10.468,11.908,7.55,4.57,7.719,6.404,7.689,8.537,7.592,early,1603.0,1
DEMO-0788,5.929,8.233,7.762,11.062,10.184,9.585,11.078,10.893,9.057,12.034,7.883,6.948,12.584,8.065,8.112,9.647,7.165,9.563,7.389,8.132,7.437,8.422,13.81,11.475,4.104,12.318,7.488,10.499,9.695,9.129,6.449,10.748,10.218,8.997,11.372,8.962,5.229,6.585,7.381,9.555,8.789,late,366.0,1
DEMO-0789,8.655,10.691,6.838,10.49,11.152,10.75,11.786,10.863,7.797,12.476,7.34,5.507,12.546,8.641,6.792,9.98,6.034,10.22,5.257,9.993,7.997,8.007,10.435,11.633,6.528,11.7,8.888,11.744,9.844,8.31,7.586,9.562,10.99,11.036,9.675,4.122,7.261,5.034,7.607,8.717,7.914,early,586.0,0
DEMO-0790,6.063,8.337,7.557,10.187,9.978,9.394,10.511,9.693,7.558,13.821,8.459,7.624,12.17,9.457,6.034,8.133,6.081,7.625,5.926,8.436,4.953,6.561,10.297,11.66,5.531,9.752,7.694,10.522,9.98,7.046,7.123,9.371,10.394,9.734,7.98,5.065,6.788,5.308,7.749,8.808,6.456,late,446.0,0
DEMO-0791,7.748,9.99,8.631,11.006,9.882,10.53,12.271,9.057,8.02,12.5,7.82,6.38,11.564,6.572,5.816,7.947,5.776,10.032,5.905,9.561,5.943,7.557,10.998,8.915,5.369,7.782,6.756,11.416,9.222,8.918,6.976,9.683,9.042,8.456,8.589,6.835,5.892,6.734,8.866,8.785,8.043,early,1820.0,0
DEMO-0792,7.731,10.977,8.121,10.216,10.454,10.116,9.231,9.239,7.454,11.266,6.481,5.93,10.336,5.203,8.485,11.02,7.206,9.761,7.07,10.539,7.741,8.557,10.906,12.529,5.933,10.783,8.912,12.404,8.878,9.822,6.96,9.294,10.528,10.953,7.628,6.224,7.591,5.838,7.859,11.087,8.179,early,1198.0,1
DEMO-0793,5.998,6.992,8.987,8.436,10.341,7.782,9.92,7.105,6.531,10.643,6.009,4.815,9.858,5.69,7.363,9.532,6.259,9.799,6.569,8.732,7.586,7.62,10.914,10.456,4.898,10.023,6.489,10.409,8.848,8.094,4.843,9.277,10.84,8.838,7.92,7.387,6.284,7.422,7.027,8.362,7.716,late,1180.0,1
DEMO-0794,6.866,10.07,7.503,11.768,11.351,10.364,12.296,9.902,5.971,11.795,4.92,4.782,10.465,5.389,7.305,8.355,6.049,9.325,4.837,8.873,7.903,6.295,11.021,12.371,7.646,10.662,9.49,10.066,9.057,6.564,4.061,8.716,10.649,10.028,9.297,7.077,5.736,6.548,8.119,9.269,6.579,early,1344.0,1
DEMO-0795,7.819,8.885,6.526,9.744,11.569,11.021,11.88,10.489,8.299,9.14,6.236,5.762,12.005,7.035,5.974,8.145,5.699,9.28,6.185,9.953,7.27,7.843,9.438,11.607,6.541,9.92,7.315,11.889,10.709,7.656,5.309,10.452,12.0,11.238,9.536,5.866,6.909,6.005,6.233,8.187,7.48,early,1387.0,0
DEMO-0796,5.848,7.838,7.807,11.779,11.781,9.218,10.844,9.603,8.607,13.015,8.411,7.55,11.25,8.769,7.77,12.037,7.682,12.011,7.913,9.809,7.805,7.494,10.82,11.595,6.48,11.277,5.539,10.291,8.8,8.77,8.201,10.648,11.783,10.597,11.019,6.789,6.394,4.702,7.665,10.81,8.093,early,1932.0,1
DEMO-0797,7.123,8.389,6.161,8.141,8.455,7.389,10.963,9.672,7.464,12.107,6.51,6.114,11.336,6.729,8.321,9.754,5.023,9.306,6.16,9.036,6.716,7.793,9.942,10.56,5.427,10.905,6.469,9.479,9.799,10.088,7.668,8.749,8.393,10.805,8.317,7.248,7.506,5.98,6.921,9.54,8.731,early,2037.0,1
DEMO-0798,6.556,8.573,8.2,12.272,11.36,12.058,12.983,11.325,7.689,11.74,8.058,8.648,13.67,7.979,6.028,10.046,8.002,10.654,8.34,9.137,7.064,8.649,11.63,13.558,7.035,11.119,5.646,10.968,8.693,7.458,6.926,8.605,9.414,9.719,9.242,6.393,6.72,5.275,8.607,9.544,8.363,late,1039.0,1
DEMO-0799,7.255,8.792,5.702,10.195,10.222,7.872,9.814,8.732,8.589,12.317,5.825,5.124,8.901,4.704,7.92,7.163,4.183,8.578,3.666,8.312,4.454,5.22,10.214,11.291,3.849,7.554,6.424,9.092,8.076,7.154,6.41,8.032,11.161,9.14,8.199,5.641,6.245,5.311,7.642,9.542,7.899,early,276.0,1
